product,month,min_t,max_t,price_per_t,shortfall_penalty_per_t
Butter,2026-07,1200,2600,6798,1500
Butter,2026-08,1200,2600,6666,1500
Butter,2026-09,1200,2600,6468,1500
Butter,2026-10,1200,2600,6336,1500
Butter,2026-11,1200,2600,6336,1500
Butter,2026-12,1200,2600,6468,1500
Butter,2027-01,1200,2600,6600,1500
Butter,2027-02,1200,2600,6666,1500
Butter,2027-03,1200,2600,6732,1500
Butter,2027-04,1200,2600,6798,1500
Butter,2027-05,1200,2600,6864,1500
Butter,2027-06,1200,2600,6930,1500
Cheese,2026-07,1500,3600,5562,1500
Cheese,2026-08,1500,3600,5454,1500
Cheese,2026-09,1500,3600,5292,1500
Cheese,2026-10,1500,3600,5184,1500
Cheese,2026-11,1500,3600,5184,1500
Cheese,2026-12,1500,3600,5292,1500
Cheese,2027-01,1500,3600,5400,1500
Cheese,2027-02,1500,3600,5454,1500
Cheese,2027-03,1500,3600,5508,1500
Cheese,2027-04,1500,3600,5562,1500
Cheese,2027-05,1500,3600,5616,1500
Cheese,2027-06,1500,3600,5670,1500
WMP,2026-07,2500,7000,3914,800
WMP,2026-08,2500,7000,3838,800
WMP,2026-09,2500,7000,3724,800
WMP,2026-10,2500,7000,3648,800
WMP,2026-11,2500,7000,3648,800
WMP,2026-12,2500,7000,3724,800
WMP,2027-01,2500,7000,3800,800
WMP,2027-02,2500,7000,3838,800
WMP,2027-03,2500,7000,3876,800
WMP,2027-04,2500,7000,3914,800
WMP,2027-05,2500,7000,3952,800
WMP,2027-06,2500,7000,3990,800
SMP,2026-07,1500,5000,3090,800
SMP,2026-08,1500,5000,3030,800
SMP,2026-09,1500,5000,2940,800
SMP,2026-10,1500,5000,2880,800
SMP,2026-11,1500,5000,2880,800
SMP,2026-12,1500,5000,2940,800
SMP,2027-01,1500,5000,3000,800
SMP,2027-02,1500,5000,3030,800
SMP,2027-03,1500,5000,3060,800
SMP,2027-04,1500,5000,3090,800
SMP,2027-05,1500,5000,3120,800
SMP,2027-06,1500,5000,3150,800
Cream,2026-07,300,1200,3193,500
Cream,2026-08,300,1200,3131,500
Cream,2026-09,300,1200,3038,500
Cream,2026-10,300,1200,2976,500
Cream,2026-11,300,1200,2976,500
Cream,2026-12,300,1200,3038,500
Cream,2027-01,300,1200,3100,500
Cream,2027-02,300,1200,3131,500
Cream,2027-03,300,1200,3162,500
Cream,2027-04,300,1200,3193,500
Cream,2027-05,300,1200,3224,500
Cream,2027-06,300,1200,3255,500
