plant,line,month,hours_available
Northgate,Dryer1,2026-07,680
Northgate,Dryer1,2026-08,680
Northgate,Dryer1,2026-09,680
Northgate,Dryer1,2026-10,680
Northgate,Dryer1,2026-11,680
Northgate,Dryer1,2026-12,680
Northgate,Dryer1,2027-01,680
Northgate,Dryer1,2027-02,680
Northgate,Dryer1,2027-03,680
Northgate,Dryer1,2027-04,680
Northgate,Dryer1,2027-05,680
Northgate,Dryer1,2027-06,0
Northgate,Butter1,2026-07,650
Northgate,Butter1,2026-08,650
Northgate,Butter1,2026-09,650
Northgate,Butter1,2026-10,650
Northgate,Butter1,2026-11,650
Northgate,Butter1,2026-12,650
Northgate,Butter1,2027-01,650
Northgate,Butter1,2027-02,650
Northgate,Butter1,2027-03,650
Northgate,Butter1,2027-04,650
Northgate,Butter1,2027-05,650
Northgate,Butter1,2027-06,0
Midvale,Cheese1,2026-07,680
Midvale,Cheese1,2026-08,680
Midvale,Cheese1,2026-09,680
Midvale,Cheese1,2026-10,680
Midvale,Cheese1,2026-11,680
Midvale,Cheese1,2026-12,680
Midvale,Cheese1,2027-01,680
Midvale,Cheese1,2027-02,680
Midvale,Cheese1,2027-03,680
Midvale,Cheese1,2027-04,680
Midvale,Cheese1,2027-05,680
Midvale,Cheese1,2027-06,680
Midvale,Butter2,2026-07,600
Midvale,Butter2,2026-08,600
Midvale,Butter2,2026-09,600
Midvale,Butter2,2026-10,600
Midvale,Butter2,2026-11,600
Midvale,Butter2,2026-12,600
Midvale,Butter2,2027-01,600
Midvale,Butter2,2027-02,600
Midvale,Butter2,2027-03,600
Midvale,Butter2,2027-04,600
Midvale,Butter2,2027-05,600
Midvale,Butter2,2027-06,600
Midvale,Cream1,2026-07,600
Midvale,Cream1,2026-08,600
Midvale,Cream1,2026-09,600
Midvale,Cream1,2026-10,600
Midvale,Cream1,2026-11,600
Midvale,Cream1,2026-12,600
Midvale,Cream1,2027-01,600
Midvale,Cream1,2027-02,600
Midvale,Cream1,2027-03,600
Midvale,Cream1,2027-04,600
Midvale,Cream1,2027-05,600
Midvale,Cream1,2027-06,600
Southport,Dryer2,2026-07,0
Southport,Dryer2,2026-08,680
Southport,Dryer2,2026-09,680
Southport,Dryer2,2026-10,680
Southport,Dryer2,2026-11,680
Southport,Dryer2,2026-12,680
Southport,Dryer2,2027-01,680
Southport,Dryer2,2027-02,680
Southport,Dryer2,2027-03,680
Southport,Dryer2,2027-04,680
Southport,Dryer2,2027-05,680
Southport,Dryer2,2027-06,680
Southport,Cheese2,2026-07,0
Southport,Cheese2,2026-08,680
Southport,Cheese2,2026-09,680
Southport,Cheese2,2026-10,680
Southport,Cheese2,2026-11,680
Southport,Cheese2,2026-12,680
Southport,Cheese2,2027-01,680
Southport,Cheese2,2027-02,680
Southport,Cheese2,2027-03,680
Southport,Cheese2,2027-04,680
Southport,Cheese2,2027-05,680
Southport,Cheese2,2027-06,680
