plant,month,intake_capacity_t
Northgate,2026-07,110000
Northgate,2026-08,110000
Northgate,2026-09,110000
Northgate,2026-10,110000
Northgate,2026-11,110000
Northgate,2026-12,110000
Northgate,2027-01,110000
Northgate,2027-02,110000
Northgate,2027-03,110000
Northgate,2027-04,110000
Northgate,2027-05,110000
Northgate,2027-06,0
Midvale,2026-07,80000
Midvale,2026-08,80000
Midvale,2026-09,80000
Midvale,2026-10,80000
Midvale,2026-11,80000
Midvale,2026-12,80000
Midvale,2027-01,80000
Midvale,2027-02,80000
Midvale,2027-03,80000
Midvale,2027-04,80000
Midvale,2027-05,80000
Midvale,2027-06,80000
Southport,2026-07,0
Southport,2026-08,65000
Southport,2026-09,65000
Southport,2026-10,65000
Southport,2026-11,65000
Southport,2026-12,65000
Southport,2027-01,65000
Southport,2027-02,65000
Southport,2027-03,65000
Southport,2027-04,65000
Southport,2027-05,65000
Southport,2027-06,65000
