region,month,volume_t,milk_price_per_t,spot_price_per_t,spot_max_t,fat,protein
North,2026-07,28500,470,400,8000,44,35
North,2026-08,61750,470,400,8000,42,34
North,2026-09,85500,470,400,8000,41,33
North,2026-10,95000,470,400,8000,41,33
North,2026-11,90250,470,400,8000,42,34
North,2026-12,80750,470,400,8000,43,35
North,2027-01,71250,470,400,8000,44,36
North,2027-02,61750,470,400,8000,45,37
North,2027-03,52250,470,400,8000,47,38
North,2027-04,42750,470,400,8000,49,39
North,2027-05,23750,470,400,8000,51,40
North,2027-06,9500,470,400,8000,52,40
Central,2026-07,22500,470,400,8000,44,35
Central,2026-08,48750,470,400,8000,42,34
Central,2026-09,67500,470,400,8000,41,33
Central,2026-10,75000,470,400,8000,41,33
Central,2026-11,71250,470,400,8000,42,34
Central,2026-12,63750,470,400,8000,43,35
Central,2027-01,56250,470,400,8000,44,36
Central,2027-02,48750,470,400,8000,45,37
Central,2027-03,41250,470,400,8000,47,38
Central,2027-04,33750,470,400,8000,49,39
Central,2027-05,18750,470,400,8000,51,40
Central,2027-06,7500,470,400,8000,52,40
South,2026-07,18000,470,400,8000,44,35
South,2026-08,39000,470,400,8000,42,34
South,2026-09,54000,470,400,8000,41,33
South,2026-10,60000,470,400,8000,41,33
South,2026-11,57000,470,400,8000,42,34
South,2026-12,51000,470,400,8000,43,35
South,2027-01,45000,470,400,8000,44,36
South,2027-02,39000,470,400,8000,45,37
South,2027-03,33000,470,400,8000,47,38
South,2027-04,27000,470,400,8000,49,39
South,2027-05,15000,470,400,8000,51,40
South,2027-06,6000,470,400,8000,52,40
