Customer ID,Customer,Segment,Region,Country
1001,Granite Sports,Consumer,North America,United States
1002,Ridge Sports,Enterprise,Europe,United Kingdom
1003,Harbor Wheels,Consumer,North America,United States
1004,Trail Cycles,Small Business,Europe,Spain
1005,Coastal Supply,Enterprise,Europe,United Kingdom
1006,Cedar Outfitters,Consumer,Europe,Germany
1007,Coastal Gear,Consumer,North America,Canada
1008,Atlas Gear,Enterprise,Europe,Spain
1009,Trail Sports,Consumer,Asia Pacific,Singapore
1010,Metro Gear,Small Business,Europe,United Kingdom
1011,Granite Bike Co,Enterprise,Asia Pacific,Australia
1012,Atlas Sports,Consumer,North America,Canada
1013,Ridge Gear,Small Business,North America,Mexico
1014,Bright Sports,Consumer,Europe,Germany
1015,Ridge Supply,Enterprise,North America,Mexico
1016,Swift Bike Co,Enterprise,Europe,United Kingdom
1017,Coastal Cycles,Consumer,Asia Pacific,Australia
1018,Urban Supply,Consumer,North America,Mexico
1019,Trail Riders,Consumer,Europe,Spain
1020,Alpine Bike Co,Consumer,Asia Pacific,Japan
1021,Velo Cycles,Consumer,Asia Pacific,Australia
1022,Cedar Wheels,Consumer,Europe,Spain
1023,Granite Riders,Consumer,Asia Pacific,Japan
1024,Urban Outfitters,Enterprise,Europe,France
1025,Trail Outfitters,Consumer,Europe,France
1026,Atlas Bike Co,Small Business,North America,Mexico
1027,Cedar Cycles,Consumer,Europe,United Kingdom
1028,Bright Gear,Enterprise,Asia Pacific,Japan
1029,Coastal Sports,Consumer,North America,United States
1030,Metro Wheels,Enterprise,Asia Pacific,Singapore
1031,Swift Riders,Small Business,North America,Canada
1032,Pioneer Supply,Consumer,North America,Canada
1033,Summit Bike Co,Consumer,Europe,United Kingdom
1034,Bright Cycles,Consumer,Asia Pacific,Australia
1035,Metro Supply,Consumer,North America,Mexico
1036,Harbor Supply,Consumer,North America,Canada
1037,Velo Wheels,Consumer,North America,Mexico
1038,Summit Sports,Small Business,North America,United States
1039,Coastal Bike Co,Consumer,North America,Canada
1040,Ridge Riders,Enterprise,Europe,United Kingdom
1041,Pioneer Sports,Enterprise,North America,United States
1042,Velo Bike Co,Consumer,North America,United States
1043,Atlas Wheels,Consumer,Asia Pacific,Australia
1044,Urban Riders,Small Business,Asia Pacific,Japan
1045,Ridge Bike Co,Enterprise,North America,Mexico
1046,Swift Cycles,Consumer,Europe,Spain
1047,Atlas Outfitters,Consumer,North America,United States
1048,Urban Sports,Small Business,Asia Pacific,Singapore
1049,Harbor Cycles,Consumer,Europe,France
1050,Bright Riders,Small Business,North America,United States
1051,Pioneer Gear,Enterprise,Asia Pacific,Australia
1052,Bright Bike Co,Consumer,North America,Mexico
1053,Bright Outfitters,Enterprise,North America,Mexico
1054,Metro Riders,Small Business,Europe,Germany
1055,Trail Supply,Enterprise,North America,United States
1056,Atlas Riders,Consumer,North America,United States
1057,Trail Wheels,Consumer,Europe,Germany
1058,Harbor Outfitters,Consumer,Europe,France
1059,Alpine Wheels,Small Business,Asia Pacific,Australia
1060,Bright Wheels,Small Business,North America,Canada
1061,Cedar Bike Co,Small Business,North America,United States
1062,Urban Cycles,Consumer,Asia Pacific,Japan
1063,Alpine Riders,Enterprise,Asia Pacific,Australia
1064,Urban Gear,Consumer,North America,Canada
1065,Granite Gear,Consumer,Asia Pacific,Japan
1066,Alpine Gear,Enterprise,Europe,United Kingdom
1067,Urban Bike Co,Small Business,North America,United States
1068,Trail Bike Co,Consumer,North America,Mexico
1069,Harbor Gear,Consumer,Europe,France
1070,Granite Wheels,Small Business,North America,Mexico
1071,Urban Wheels,Enterprise,Europe,France
1072,Coastal Wheels,Small Business,Asia Pacific,Japan
1073,Pioneer Bike Co,Small Business,Europe,Germany
1074,Ridge Cycles,Enterprise,North America,Mexico
1075,Pioneer Wheels,Small Business,Asia Pacific,Singapore
1076,Swift Wheels,Consumer,Europe,United Kingdom
1077,Coastal Outfitters,Small Business,Asia Pacific,Japan
1078,Pioneer Outfitters,Small Business,Asia Pacific,Singapore
1079,Cedar Supply,Small Business,Europe,Spain
1080,Atlas Supply,Small Business,Asia Pacific,Japan
