Rank,Name,Team,Games,RP,D,K,HB,CP,M,Cl,I50,G,B,SI,IP,T,BOU,HO,HOA,TGB,HBG,LBG,HR,CM,UM,IM,MI50,CC,BUC,TIC,R50,FF,FA,KI,1%,GST,BTO,MTO,FTO,PR,Ch,Sm,Sp,KO,FTKL,MTKL,BTKL,GA,GA%,DE%,K%,H%,I50%,C%,R50%
1,Luke Smith,Shepparton Bears,22,"3,132",616,427,189,270,146,131,97,52,27,191,92,127,5,0,0,167,57,110,11,13,133,15,41,44,58,29,22,43,16,1,40,0,2,46,46,229,20,7,5,8,43,74,10,28,65,64,58,77,46,64,73
2,Zac Norris,Kyabram,20,"3,093",499,280,219,362,100,207,82,12,4,119,56,43,0,759,179,100,50,50,2,26,74,21,12,73,87,47,33,23,30,0,38,0,4,63,29,76,2,8,16,12,5,34,4,7,75,61,51,73,51,56,55
3,Lewis McShane,Shepparton Bears,20,"2,939",654,435,219,272,162,162,123,28,29,172,86,100,12,1,0,169,67,102,10,15,147,7,22,35,79,48,46,27,14,0,37,0,8,78,48,181,13,11,5,6,23,69,8,31,49,61,52,78,43,54,52
4,Jack Russell,Kyabram,20,"2,748",643,390,253,229,170,136,108,15,11,157,51,100,5,0,0,146,55,91,30,14,156,9,18,51,57,28,36,27,29,0,35,0,3,54,46,183,16,2,5,8,12,80,8,19,57,72,65,82,56,68,61
5,Liam Betson,Mooroopna,19,"2,639",381,178,203,290,49,174,56,4,4,84,77,82,0,703,164,116,64,52,0,14,35,21,5,26,94,54,28,27,40,0,72,0,10,51,18,134,7,7,34,22,5,61,16,10,50,64,47,78,41,63,39
6,Keelin Betson,Mooroopna,20,"2,612",553,202,351,334,71,163,66,5,5,93,98,168,2,38,5,201,90,111,6,14,57,11,4,39,70,54,39,25,35,0,44,0,10,58,29,245,7,7,22,8,30,111,27,9,41,67,50,76,50,74,46
7,Kaine Herbert,Kyabram,21,"2,522",608,426,182,204,127,146,133,16,13,137,77,65,2,4,1,134,35,99,21,8,119,10,11,37,71,38,51,19,17,4,38,0,2,72,39,107,1,9,8,20,12,44,9,26,53,64,57,81,54,54,55
8,Ash Holland,Shepparton Bears,20,"2,519",273,150,123,163,91,60,48,9,5,101,62,52,0,997,279,52,29,23,0,48,43,26,13,12,23,25,24,26,15,0,65,0,2,36,18,89,1,4,31,25,2,46,4,8,64,61,47,77,42,53,33
9,Dylan Cook,Seymour,18,"2,509",542,297,245,304,99,184,112,8,10,124,66,133,7,0,0,181,75,106,5,18,81,10,6,75,62,47,30,43,35,0,42,0,4,72,42,216,19,5,9,7,20,91,22,16,42,65,52,81,50,58,60
10,Mitchell Trewhella,Rochester,18,"2,462",541,238,303,265,74,130,100,10,11,130,91,150,3,0,0,181,67,114,15,3,71,10,4,46,51,33,23,41,22,0,33,0,5,49,40,243,6,6,8,11,24,104,22,19,47,69,57,79,55,74,65
11,Ryley Ferguson,Rochester,17,"2,434",381,211,170,225,102,101,91,12,11,106,90,70,4,413,89,129,54,75,4,34,68,33,10,34,32,35,27,16,17,0,45,0,2,41,33,155,12,4,17,12,15,43,12,19,52,65,60,71,52,67,48
12,Nicholas Quigg,Seymour,18,"2,357",513,318,195,257,108,123,105,15,13,111,71,114,4,1,0,166,78,88,9,14,94,11,8,35,53,35,36,30,38,0,40,0,7,63,26,200,20,7,8,3,17,80,17,13,53,65,58,75,53,61,61
13,Mark Marriott,Benalla,17,"2,286",287,119,168,189,53,101,42,7,1,62,57,87,0,771,180,93,42,51,0,17,36,9,7,28,40,33,29,33,38,0,85,0,7,35,21,152,7,6,46,21,7,61,19,4,87,61,56,64,40,57,48
14,Coby McCarthy,Kyabram,20,"2,278",567,251,316,278,101,110,65,9,17,134,71,113,3,0,0,182,87,95,13,4,97,2,6,30,44,36,26,31,40,2,28,0,4,67,29,167,7,5,3,12,33,74,6,21,34,70,57,81,58,63,62
15,Jack Evans,Echuca,20,"2,188",556,365,191,182,111,53,100,9,11,123,97,47,1,0,0,144,52,92,26,6,105,13,3,13,25,15,63,16,16,51,23,0,2,51,35,104,7,7,5,1,5,36,6,23,45,72,69,80,55,70,73
16,Kai Madgwick,Mooroopna,19,"2,185",612,381,231,198,90,126,106,6,5,79,69,64,13,1,0,129,35,94,44,2,88,5,3,35,52,39,69,19,20,1,30,0,6,75,45,129,12,5,2,9,7,46,11,9,54,63,51,82,44,47,62
17,Isaac Dowling,Mooroopna,19,"2,155",488,277,211,198,106,103,71,10,10,96,80,70,1,0,0,126,42,84,7,7,99,8,9,26,50,27,37,26,20,4,36,0,4,37,23,147,13,9,9,4,5,54,11,15,50,70,64,79,59,65,70
18,Ethan Warburton,Shepparton Swans,18,"2,141",533,406,127,104,104,20,47,3,6,64,122,17,40,0,0,75,14,61,49,10,94,38,4,1,15,4,144,9,8,130,66,0,4,45,13,34,0,5,52,9,0,11,6,3,33,75,72,84,57,70,67
19,Nate Rasmussen,Rochester,18,"2,123",475,286,189,202,88,122,98,13,11,115,76,78,23,1,0,145,51,94,21,4,84,5,7,28,62,32,35,19,18,1,22,0,5,48,37,131,10,1,5,6,10,53,15,25,54,69,60,82,63,61,69
20,Jackson Stewart,Echuca,21,"2,106",504,239,265,239,61,127,71,9,14,110,72,123,7,0,0,159,49,110,13,2,59,4,5,33,65,29,19,31,24,1,37,0,4,52,38,249,20,9,3,5,25,87,11,13,39,64,51,76,54,64,47
21,Huw Jones,Seymour,18,"2,092",473,386,87,119,147,16,30,2,1,68,134,54,8,0,0,79,27,52,25,12,135,45,4,2,8,6,130,12,8,115,26,0,15,47,9,92,7,2,13,4,0,30,24,4,66,76,74,84,73,44,62
22,Kade Odwyer,Shepparton Bears,21,"2,055",432,187,245,257,50,106,79,15,11,112,71,115,22,3,1,165,80,85,3,4,46,3,12,35,48,23,8,27,28,0,43,0,1,28,37,202,16,6,9,10,27,83,5,16,57,70,59,78,51,76,63
23,Callum Brown,Mansfield,15,"2,019",450,248,202,211,61,122,79,22,8,113,79,83,1,0,0,150,49,101,9,6,55,7,9,50,45,27,28,33,15,6,27,0,2,53,29,150,4,7,2,11,13,61,9,11,70,66,53,81,48,63,50
24,Brodie Newman,Shepparton United,16,"2,019",337,254,83,112,176,2,17,4,3,53,156,17,7,3,1,48,14,34,5,46,130,86,6,0,1,1,66,13,15,23,65,0,8,18,8,38,2,2,58,3,1,7,9,2,57,80,79,82,29,50,74
25,Liam Teague,Shepparton Bears,22,"2,017",458,224,234,231,69,112,80,15,8,114,69,91,17,2,1,155,54,101,11,5,64,4,3,33,49,30,23,29,23,0,24,0,5,52,37,179,11,2,5,5,25,53,13,16,65,73,60,85,55,68,70
26,Coby James,Mooroopna,20,"1,974",472,334,138,106,133,17,43,1,4,55,133,56,22,0,0,78,19,59,31,8,125,37,1,2,8,7,104,15,20,74,35,0,8,51,11,115,15,1,17,1,3,33,20,7,20,74,73,78,51,71,63
27,James Bennett,Tatura,17,"1,962",495,254,241,251,96,139,81,2,0,37,42,96,4,1,0,163,60,103,24,8,88,1,1,48,57,34,47,27,36,0,26,0,5,74,29,177,15,4,3,3,8,64,24,5,100,60,46,74,36,58,53
28,Sam Thomson,Mansfield,17,"1,961",427,245,182,213,103,122,72,13,14,87,60,91,4,1,0,141,53,88,4,12,91,5,12,34,53,35,33,23,17,0,36,0,9,57,32,214,18,11,1,5,24,48,19,12,48,58,47,73,46,51,73
29,Matthew King,Mansfield,15,"1,932",485,331,154,124,130,41,77,12,2,96,81,39,4,0,0,87,22,65,23,16,114,17,9,13,19,9,75,22,20,48,29,0,9,53,25,66,2,4,15,7,3,26,10,16,85,72,65,86,57,63,61
30,Finn Radley,Tatura,17,"1,914",310,253,57,108,162,2,11,1,0,21,138,37,0,0,0,56,12,44,2,37,125,71,2,0,1,1,66,11,10,12,77,0,14,26,3,61,3,2,67,4,0,17,20,3,100,76,74,82,55,50,58
31,Kaedyn Napier,Shepparton United,18,"1,888",379,280,99,114,156,24,35,3,1,67,96,39,6,67,16,69,16,53,11,15,141,33,6,5,14,5,68,23,17,37,45,0,6,35,9,73,9,2,27,7,2,17,20,7,75,77,75,82,57,58,65
32,Enrique Goggin,Shepparton Swans,18,"1,872",400,274,126,146,118,43,54,3,5,52,107,71,14,0,0,115,49,66,17,4,114,15,3,11,20,12,66,24,12,3,49,0,4,45,20,110,7,2,28,11,4,45,22,7,37,66,63,74,43,56,59
33,Angus Hicks,Shepparton United,15,"1,849",428,264,164,171,61,103,82,12,13,99,58,88,11,3,1,111,41,70,18,2,59,7,8,35,47,21,25,23,18,2,29,0,0,52,30,155,18,5,3,3,12,61,15,16,48,66,59,77,52,64,52
34,Liam Serra,Shepparton United,18,"1,849",401,265,136,125,172,9,71,29,22,123,37,50,3,0,0,83,37,46,5,21,151,3,42,1,4,4,8,17,16,0,24,0,0,23,31,94,12,2,7,3,22,27,1,16,56,69,62,82,49,56,75
35,Harry Mahoney,Mansfield,13,"1,845",446,284,162,154,86,34,88,10,15,99,105,43,34,0,0,104,33,71,28,14,72,22,5,6,18,10,36,39,12,16,28,0,2,45,26,89,9,7,8,4,2,32,9,10,40,70,64,81,45,65,58
36,Tom Evans,Echuca,14,"1,839",442,297,145,148,98,52,60,9,8,92,74,63,0,0,0,111,54,57,14,7,91,10,14,15,23,14,59,15,13,37,24,0,10,38,16,115,10,4,4,5,8,47,8,9,52,71,64,85,53,63,64
37,Brad Whitford,Kyabram,17,"1,815",431,349,82,95,97,13,28,1,1,58,124,21,2,1,0,58,16,42,18,23,74,56,1,2,10,1,134,9,17,132,33,0,5,48,9,58,3,7,17,6,0,15,6,6,50,78,76,87,50,54,66
38,Darby Jones,Echuca,19,"1,793",249,160,89,151,89,46,27,32,15,110,46,49,0,339,78,64,21,43,1,42,47,15,39,8,15,23,19,18,21,0,35,0,3,22,17,88,3,3,16,12,5,39,5,10,68,67,60,79,52,54,47
39,Jack Murphy,Seymour,16,"1,791",411,259,152,126,113,48,54,24,10,118,56,41,10,3,1,81,24,57,23,5,108,7,16,19,19,10,38,14,13,21,32,0,5,32,19,86,9,4,5,11,7,27,7,19,70,74,68,86,46,63,61
40,Thomas Sullivan,Tatura,15,"1,790",427,216,211,236,91,95,44,4,3,37,77,80,0,3,1,130,63,67,2,22,69,17,6,24,44,27,28,25,32,1,31,0,12,66,20,153,16,5,5,3,2,58,20,3,57,68,56,80,45,62,61
41,Adam Fichera,Shepparton Swans,19,"1,785",342,274,68,103,110,17,9,1,1,39,112,49,10,0,0,66,24,42,16,13,97,42,2,2,8,7,89,20,8,53,73,0,14,27,4,97,8,6,48,6,0,21,28,1,50,78,78,81,56,29,71
42,Riley Ironside,Kyabram,21,"1,782",335,195,140,187,65,50,63,29,29,109,69,117,1,1,0,145,63,82,4,6,59,8,16,7,21,22,7,21,21,0,54,0,1,34,31,222,20,8,12,9,35,70,12,11,50,59,50,70,46,66,71
43,Christopher Welsh,Benalla,16,"1,776",465,252,213,191,99,99,75,6,2,62,45,60,1,2,0,132,54,78,7,7,92,6,4,35,36,28,42,23,26,7,27,0,8,60,30,122,7,9,4,4,2,44,14,8,66,64,58,72,45,68,69
44,Dom Gugliotti,Mooroopna,20,"1,775",392,240,152,97,106,12,17,0,0,46,106,55,5,0,0,56,20,36,8,16,90,32,1,3,3,6,97,20,17,75,56,0,6,37,5,95,3,3,44,6,1,17,37,4,0,80,77,86,53,100,67
45,Mitchell Brett,Shepparton Bears,21,"1,772",475,383,92,80,87,11,30,4,0,56,113,33,2,2,1,65,16,49,25,6,81,31,3,5,2,4,111,5,9,136,60,0,5,52,7,95,10,6,32,10,1,21,11,3,100,73,73,74,50,82,61
46,Joel Serra,Shepparton United,17,"1,764",442,216,226,216,67,121,61,5,3,85,79,65,9,2,1,139,67,72,5,3,64,5,1,32,54,35,28,17,24,0,27,0,5,54,23,122,15,2,3,6,3,53,9,7,62,64,54,75,48,58,57
47,Mitchell Wales,Echuca,18,"1,762",402,249,153,167,74,108,99,12,7,110,41,92,1,0,0,111,34,77,15,5,69,1,8,29,48,31,17,17,22,0,25,0,1,40,46,137,5,6,2,10,14,70,8,20,63,70,58,90,54,69,65
48,Ryan Hill,Euroa,17,"1,714",417,306,111,120,79,14,20,1,0,36,116,57,1,0,0,85,21,64,18,11,68,30,1,3,6,5,123,16,17,105,50,0,9,56,12,100,3,4,33,6,3,22,32,2,100,73,71,77,30,86,67
49,Zac Metcalf,Shepparton Bears,22,"1,714",263,185,78,101,132,9,14,10,6,52,110,44,1,38,16,50,16,34,0,30,102,50,12,1,7,1,46,13,24,3,99,0,6,24,11,85,10,2,78,9,8,13,23,3,62,72,72,72,29,33,59
50,David Mennen,Benalla,15,"1,706",425,314,111,146,89,45,45,3,6,54,97,34,14,0,0,91,28,63,25,15,74,22,6,12,22,11,110,16,21,88,43,0,13,60,16,74,5,8,28,1,2,23,9,8,30,66,66,66,51,58,64
51,Tom Stapleton,Seymour,14,"1,696",268,151,117,196,35,131,52,8,4,60,29,30,0,518,95,69,34,35,1,13,22,4,10,24,64,43,34,20,27,1,28,0,5,43,15,68,5,2,6,15,1,23,6,5,66,52,46,61,50,50,41
52,Jett Trotter,Euroa,17,"1,692",360,213,147,139,74,46,86,26,14,104,47,47,5,1,0,102,39,63,27,8,66,4,16,11,14,21,18,23,11,2,28,0,2,30,19,99,11,7,3,7,12,29,6,18,65,71,63,82,64,87,61
53,Daniel Meek,Shepparton Bears,20,"1,689",395,280,115,92,116,5,42,0,2,57,107,45,1,3,0,67,16,51,37,4,112,19,2,0,2,3,63,16,14,31,40,0,4,28,10,94,5,6,26,3,1,21,23,6,0,74,74,74,50,80,67
54,Bohden Learmonth,Kyabram,19,"1,662",397,226,171,121,136,38,34,1,5,89,69,42,1,0,0,88,26,62,7,15,121,18,7,5,16,17,24,12,11,0,34,0,2,26,13,96,14,7,7,4,5,32,5,13,16,78,73,85,65,63,88
55,Nathan Rachele,Shepparton Swans,18,"1,652",349,232,117,150,79,64,90,21,18,113,48,89,7,0,0,106,27,79,10,7,72,4,19,19,26,19,5,19,25,1,45,0,1,39,34,189,26,4,1,13,22,56,11,20,53,64,54,83,53,61,60
56,Lachlan Hogan,Echuca,19,"1,649",404,212,192,176,83,41,67,10,14,97,65,64,6,0,0,124,46,78,8,9,74,7,9,8,20,13,21,14,20,6,25,0,1,33,27,133,11,8,2,4,19,41,4,16,41,67,58,77,45,76,62
57,Jack Mckernan,Euroa,16,"1,644",290,191,99,91,118,35,30,5,5,62,42,37,1,295,79,44,17,27,4,16,102,18,7,7,12,16,35,15,11,2,27,0,3,27,9,55,3,3,14,5,4,25,8,8,50,72,69,80,60,71,77
58,Tanner Madigan,Shepparton Bears,22,"1,635",369,263,106,96,124,28,61,7,2,64,74,65,19,0,0,57,15,42,13,8,116,15,5,3,20,5,50,18,9,0,34,0,3,38,19,132,12,7,11,3,4,53,8,8,77,69,62,86,46,64,70
59,Aaron Hayes,Kyabram,19,"1,626",386,274,112,80,135,11,21,1,0,47,90,25,1,0,0,57,20,37,10,10,125,31,1,1,7,3,83,3,9,38,35,0,6,35,1,57,10,3,16,5,2,15,8,2,100,75,73,82,38,73,64
60,Jordan Haynes,Shepparton United,14,"1,626",361,215,146,160,89,84,67,2,4,68,59,92,2,0,0,97,40,57,4,11,78,8,2,28,39,17,26,28,19,0,34,0,3,49,26,156,15,7,6,6,14,64,14,10,33,65,60,72,55,69,73
61,Bailey Wileman,Rochester,16,"1,625",371,178,193,222,42,91,69,8,4,73,69,94,5,1,0,174,89,85,11,2,40,4,3,25,46,20,20,22,33,0,35,0,4,40,41,188,19,6,5,3,18,64,12,6,61,64,53,74,46,70,50
62,Malik Gordon,Echuca,17,"1,624",271,203,68,125,122,18,54,36,33,127,45,47,2,28,8,65,21,44,2,32,90,20,50,1,9,8,10,16,22,0,41,0,1,17,24,92,14,8,6,11,18,24,5,22,52,58,50,81,48,61,60
63,Jaron Murphy,Seymour,16,"1,619",328,228,100,99,112,23,61,30,21,100,73,35,10,0,0,60,12,48,23,13,99,24,21,3,12,8,27,19,15,17,42,0,5,32,18,98,8,7,16,9,4,27,4,10,57,71,66,84,48,87,70
64,Liam Broom,Shepparton Bears,21,"1,610",238,119,119,126,76,39,43,21,19,101,45,41,0,324,63,62,23,39,0,28,48,12,32,8,13,18,3,17,15,0,51,0,0,14,18,76,6,7,21,14,15,22,4,15,52,63,45,82,40,56,67
65,Jensen Dowling,Shepparton United,18,"1,596",187,93,94,121,32,61,27,8,5,76,26,25,0,816,167,40,16,24,1,9,23,6,7,11,25,25,16,26,22,0,30,0,0,31,11,51,0,7,7,15,7,16,2,6,61,60,53,67,59,48,25
66,William Deutsher,Echuca,20,"1,588",318,178,140,141,74,32,37,6,3,62,97,96,1,1,0,102,39,63,2,7,67,11,7,8,14,10,30,16,17,0,43,0,3,26,14,179,12,7,12,8,10,63,23,7,66,74,68,82,51,75,73
67,Lucas Rachele,Shepparton Swans,19,"1,587",309,202,107,106,106,22,28,12,10,64,87,93,3,0,0,70,22,48,6,7,99,17,12,4,9,9,43,21,19,7,52,0,6,30,16,151,13,3,26,9,14,51,28,7,54,67,62,77,57,73,60
68,Aiden Mills,Echuca,21,"1,586",312,255,57,81,108,8,18,6,3,49,96,42,11,0,0,56,11,45,12,11,97,28,8,1,6,1,71,8,14,33,93,0,10,38,5,76,5,4,72,12,0,25,17,5,66,74,72,82,44,38,63
69,Aidan Robinson,Kyabram,16,"1,581",212,154,58,103,83,22,33,33,14,97,41,52,3,244,47,43,19,24,5,34,49,19,37,2,11,9,13,22,18,3,43,0,3,11,19,83,3,1,24,12,17,32,3,8,70,64,62,71,42,68,62
70,Darby Wilson,Euroa,17,"1,577",335,169,166,170,59,65,28,4,4,50,78,86,8,0,0,113,47,66,8,11,48,11,2,16,26,23,37,29,15,2,50,0,5,43,14,190,25,5,17,0,5,53,28,4,50,73,63,83,64,71,57
71,Nathan Buchanan,Mansfield,17,"1,576",402,314,88,127,71,30,63,7,11,71,74,44,3,1,0,90,13,77,22,7,64,10,4,4,14,12,91,18,3,86,26,0,7,40,20,98,11,2,3,10,4,27,13,7,38,65,62,75,52,67,62
72,Jacob Watts,Shepparton Bears,15,"1,545",310,188,122,139,72,65,88,16,10,99,48,76,13,3,1,91,37,54,3,7,65,7,9,16,29,20,21,17,21,0,34,0,0,40,24,141,15,5,4,7,12,58,6,19,61,65,59,75,64,54,48
73,Ryan Young,Tatura,17,"1,543",171,90,81,101,25,53,32,2,3,31,30,36,2,741,205,46,13,33,4,8,17,6,1,15,24,14,16,23,9,0,34,0,4,29,16,64,3,1,15,11,0,29,7,4,40,53,32,77,25,40,56
74,Dan Tuddenham,Mooroopna,18,"1,532",345,245,100,121,70,55,81,32,22,116,43,52,4,1,1,74,21,53,12,4,66,4,8,11,27,17,26,26,26,0,25,0,3,36,30,111,13,0,6,6,21,24,7,12,58,61,53,82,62,44,69
75,Charlie Barnett,Kyabram,20,"1,519",286,208,78,133,108,5,81,25,30,113,34,42,1,11,1,79,25,54,5,34,74,6,32,0,2,3,5,15,11,0,37,0,0,17,23,110,19,3,8,7,24,15,3,19,45,60,57,69,54,60,60
76,Kevin Maroney,Benalla,16,"1,517",377,278,99,83,109,26,27,1,0,38,71,18,9,0,0,52,17,35,30,10,99,20,0,4,15,7,97,11,11,62,45,0,13,45,4,52,2,3,34,5,0,11,7,6,100,73,69,82,67,62,59
77,Joshua Dillon,Kyabram,20,"1,515",328,145,183,178,53,65,56,9,7,87,58,116,0,1,1,134,50,84,4,3,50,8,7,10,33,22,9,16,24,0,31,0,2,36,31,214,18,3,5,2,31,77,8,12,52,68,45,86,46,72,56
78,Jesse Tuohey,Echuca,19,"1,510",400,238,162,83,119,16,56,9,12,97,45,54,1,0,0,75,16,59,21,1,118,4,2,6,8,2,31,4,8,1,17,0,3,33,20,88,5,3,7,2,5,39,10,7,42,73,66,82,43,81,74
79,Jason Morgan,Kyabram,16,"1,506",247,162,85,95,122,3,7,0,1,35,136,20,1,0,0,53,23,30,1,36,86,68,0,0,2,1,53,6,9,4,36,0,8,21,4,45,3,1,28,4,0,6,14,1,0,81,79,85,43,67,66
80,Kieran Andrew,Tatura,16,"1,502",346,276,70,122,89,33,35,3,3,37,82,64,3,0,0,76,35,41,13,10,79,22,1,11,13,9,65,20,22,48,53,0,10,52,11,130,14,12,17,7,0,39,25,5,42,66,63,74,49,45,63
81,Jesse Cucinotta,Shepparton United,17,"1,499",375,277,98,103,103,39,62,2,2,75,83,51,3,0,0,72,18,54,8,3,100,13,6,7,17,15,34,17,16,6,41,0,6,49,15,120,20,4,10,3,4,32,15,12,50,65,62,72,53,51,53
82,Curtis Townrow,Echuca,18,"1,496",275,233,42,79,99,1,31,5,0,52,105,12,0,2,2,49,12,37,5,18,81,51,2,0,1,0,88,7,7,43,72,0,7,27,8,37,2,3,55,11,0,5,7,5,100,69,70,64,65,0,61
83,Andrew Henderson,Rochester,16,"1,465",267,159,108,147,90,22,34,12,13,68,69,44,0,45,11,91,42,49,2,21,69,18,22,2,12,8,28,19,15,1,30,0,2,13,22,82,4,5,19,2,19,19,6,11,48,64,62,69,50,45,71
84,Jayden Gleeson,Euroa,15,"1,452",421,275,146,117,90,50,45,1,2,47,46,42,8,0,0,84,25,59,32,4,86,4,1,15,25,10,75,8,22,44,31,0,3,53,25,83,15,2,5,9,7,28,7,5,33,69,63,79,36,60,61
85,Cooper Vick,Kyabram,21,"1,448",324,183,141,103,74,21,34,0,1,50,100,76,13,8,0,85,27,58,18,2,72,14,1,3,14,4,49,13,21,5,62,0,6,35,13,143,13,4,30,13,2,45,29,6,0,69,60,82,44,71,57
86,Zac Clohesy,Shepparton Swans,17,"1,448",243,140,103,107,97,5,6,0,1,26,121,42,2,0,0,68,32,36,5,18,79,38,0,0,3,2,60,26,25,0,71,0,9,21,1,77,7,6,44,3,0,9,33,0,0,72,69,77,67,60,57
87,Lachlan Hill,Euroa,11,"1,441",311,170,141,177,58,80,52,5,11,62,44,77,1,1,0,111,50,61,3,14,44,6,11,29,29,22,14,32,23,0,22,0,11,28,20,117,5,6,4,3,14,41,22,12,31,65,54,79,46,66,79
88,Liam Tenace,Echuca,13,"1,431",199,122,77,128,84,41,21,15,8,70,47,25,0,266,59,46,19,27,1,41,43,24,22,9,22,10,11,17,7,0,20,0,1,17,10,45,2,3,12,3,3,18,4,3,65,71,66,78,71,63,55
89,Harrison Milburn,Echuca,21,"1,428",298,169,129,118,82,16,20,0,0,45,93,75,0,0,0,94,21,73,7,4,78,12,2,1,10,5,38,18,18,1,53,0,4,29,7,152,14,7,30,0,1,49,25,3,0,78,73,85,65,63,53
90,Harry Murdoch,Tatura,16,"1,427",340,184,156,160,86,90,38,8,6,44,41,31,3,0,0,119,42,77,8,2,84,4,8,26,38,26,25,8,7,1,11,0,5,43,13,62,9,0,1,1,7,21,3,7,53,67,59,76,53,58,48
91,Fletcher White,Rochester,18,"1,401",351,252,99,93,102,20,33,1,0,37,86,35,30,0,0,62,14,48,28,14,88,18,1,2,13,5,75,6,16,36,43,0,9,52,10,82,10,4,22,7,3,22,10,5,100,71,68,80,58,60,72
92,Jayden Howes,Mansfield,15,"1,392",277,142,135,154,52,74,60,4,14,85,63,80,0,12,3,93,25,68,1,11,41,10,9,33,28,13,17,22,22,0,36,0,1,27,32,151,8,4,9,12,13,60,7,16,22,62,46,78,40,59,65
93,Adam McPhee,Rochester,18,"1,390",322,195,127,100,100,29,43,16,8,78,52,54,0,0,0,62,18,44,14,8,92,9,14,5,17,7,25,22,9,1,25,0,2,36,20,104,9,1,6,9,15,33,6,4,66,70,64,78,49,62,72
94,Max Brodie,Shepparton Bears,17,"1,384",254,183,71,83,92,7,34,0,0,46,110,40,5,0,0,56,15,41,4,12,80,38,0,0,6,1,48,9,5,6,52,0,5,23,6,66,2,5,34,11,0,19,21,5,0,74,69,87,53,71,58
95,Sean McAllister,Tatura,15,"1,384",374,204,170,93,112,38,16,1,0,16,49,31,3,0,0,72,20,52,15,3,109,11,3,10,13,15,50,10,10,17,17,0,7,37,9,81,10,2,2,1,3,21,7,4,100,77,70,85,44,79,64
96,Joeve Cooper,Shepparton Swans,17,"1,382",289,152,137,119,56,44,55,13,15,98,62,66,15,0,0,89,25,64,15,2,54,11,12,12,17,15,10,20,16,1,41,0,3,25,18,134,18,9,5,8,16,44,6,15,44,70,60,82,56,75,80
97,Sheldon Bogdan,Shepparton United,18,"1,370",326,144,182,162,60,73,47,0,4,68,54,95,1,1,0,114,67,47,8,2,58,4,6,16,36,21,13,19,34,0,20,0,4,34,25,156,9,3,5,2,14,67,14,8,0,68,53,79,47,75,62
98,Ryley Ely,Benalla,17,"1,346",334,241,93,138,85,75,57,2,3,49,43,58,2,0,0,101,34,67,10,9,76,6,5,21,26,28,29,12,15,1,26,0,1,54,22,111,12,1,6,5,10,41,7,12,40,57,52,71,54,51,55
99,Rory Huggard,Mooroopna,19,"1,337",276,202,74,46,122,1,8,0,0,24,69,23,12,0,0,22,7,15,19,12,110,29,0,0,1,0,74,10,17,31,57,0,8,17,4,47,3,6,46,1,0,11,12,2,0,80,77,86,50,100,66
100,Jacob Gleeson,Euroa,14,"1,325",316,176,140,97,85,37,44,7,6,56,42,69,14,0,0,56,16,40,11,7,78,8,8,10,20,7,26,15,17,6,25,0,6,32,19,139,14,4,2,4,12,43,14,12,53,72,64,82,59,65,62
101,Nathan Beattie,Seymour,14,"1,325",298,175,123,97,102,35,42,5,6,84,36,62,0,0,0,68,31,37,13,8,94,4,13,8,16,11,23,8,18,0,24,0,1,28,19,115,12,4,3,2,17,40,5,20,41,72,67,79,57,66,74
102,Mitchell Fleming,Shepparton Bears,21,"1,325",278,165,113,95,83,10,37,9,9,62,61,58,6,9,2,66,20,46,13,10,73,17,16,2,5,3,23,5,16,1,37,0,2,21,15,108,9,3,17,7,15,30,13,7,50,71,69,74,59,70,65
103,Lachlan Giles,Seymour,18,"1,324",218,152,66,105,61,19,18,1,1,34,104,56,0,0,0,61,22,39,5,9,52,23,0,1,11,7,43,31,6,3,70,0,2,23,5,134,12,10,39,7,1,30,25,3,50,67,66,68,50,53,63
104,Ben Woods,Mooroopna,20,"1,321",313,166,147,110,69,28,35,5,5,68,63,105,6,1,0,77,30,47,8,4,65,11,2,5,17,6,22,15,25,1,32,0,2,38,11,182,14,5,7,6,13,68,24,5,50,67,52,84,49,79,64
105,Riley Mason,Seymour,12,"1,317",219,163,56,108,101,6,26,47,32,122,22,14,1,10,3,52,18,34,0,38,63,4,62,0,4,2,3,13,7,0,20,0,1,10,22,43,5,2,10,3,11,3,0,16,59,62,57,75,58,67,100
106,Kade Anderson,Shepparton Swans,19,"1,287",328,207,121,128,60,42,48,7,6,53,71,50,2,1,0,101,29,72,8,6,54,9,1,8,19,15,32,10,8,1,32,0,2,52,15,113,14,4,8,3,2,37,11,5,53,60,54,71,42,50,63
107,Jed Woods,Mooroopna,12,"1,276",283,122,161,149,37,63,44,10,3,55,39,72,3,1,1,107,42,65,10,2,35,0,1,12,37,14,16,12,18,1,22,0,5,24,14,129,8,4,5,4,8,54,10,6,76,73,62,82,64,73,50
108,Max Gleeson,Euroa,15,"1,270",304,113,191,158,53,61,17,4,1,42,65,70,1,0,0,116,49,67,4,8,45,9,1,17,23,21,24,15,24,2,16,0,7,35,14,118,2,3,8,0,7,41,22,4,80,70,58,76,59,74,67
109,Ben Darrou,Tatura,14,"1,264",255,207,48,95,98,25,21,18,12,51,36,20,0,21,4,43,16,27,9,23,75,12,24,2,9,14,37,7,18,26,21,0,3,22,11,42,5,0,15,1,6,6,8,2,60,74,70,90,38,56,62
110,Ben Hicks,Mooroopna,18,"1,258",253,181,72,61,77,5,9,1,0,23,79,33,9,0,0,40,9,31,16,11,66,30,3,1,2,2,58,9,8,31,49,0,4,16,1,66,4,5,36,3,0,12,21,1,100,79,75,90,67,60,55
111,Nicholas Warnock,Benalla,12,"1,256",217,164,53,83,112,3,7,0,1,18,110,16,1,6,3,36,14,22,0,34,78,64,2,0,2,1,43,7,3,3,38,0,6,38,2,32,2,1,25,7,2,4,10,1,0,68,64,81,71,67,63
112,Matthew Casey,Shepparton United,18,"1,250",198,176,22,100,98,12,37,60,30,112,15,18,0,7,0,31,9,22,2,31,67,2,55,0,6,6,1,21,27,0,7,0,1,9,28,28,3,0,3,1,15,3,0,8,66,58,57,68,51,50,100
113,Hamish Hooppell,Rochester,18,"1,241",212,171,41,124,43,61,37,6,9,50,58,64,0,180,35,65,28,37,3,9,34,13,5,10,31,20,33,11,23,0,32,0,10,39,11,101,4,3,16,8,8,36,20,4,40,53,50,68,62,52,55
114,Ryan O'Keefe,Rochester,16,"1,238",281,163,118,48,80,3,12,4,3,34,68,17,2,0,0,39,4,35,15,7,73,18,5,0,2,1,56,2,4,57,72,0,5,24,4,46,2,5,60,4,0,3,14,1,57,81,77,87,33,33,63
115,Lewis Lubeck,Seymour,18,"1,237",200,155,45,90,89,7,26,10,5,49,81,14,4,28,6,54,18,36,5,22,67,32,10,3,1,3,47,14,9,1,63,0,6,26,6,45,5,5,41,12,3,5,6,6,66,64,63,64,54,71,49
116,Bryce Stephenson,Shepparton Bears,21,"1,226",209,125,84,98,79,3,12,0,0,17,100,31,0,3,1,62,22,40,1,20,59,37,0,0,3,0,46,10,23,1,93,0,10,28,1,74,5,2,76,5,0,6,25,1,0,62,58,69,33,67,52
117,Jordan Wiggins,Shepparton United,18,"1,212",257,179,78,59,111,7,8,0,1,30,72,18,1,0,0,39,9,30,8,9,102,28,1,1,3,3,51,9,7,12,33,0,7,14,4,43,4,5,20,4,0,8,10,2,0,80,77,88,25,57,76
118,Quade Johnstone,Shepparton Swans,15,"1,211",254,129,125,155,57,70,38,3,7,55,53,87,1,0,0,93,51,42,4,9,48,8,6,27,24,19,13,27,23,0,35,0,5,44,18,161,14,3,6,9,13,65,9,5,30,61,52,71,50,64,54
119,Jack Marks,Mansfield,14,"1,204",266,129,137,142,53,44,55,13,4,74,40,57,9,0,0,90,26,64,2,10,43,2,3,14,11,19,16,25,16,0,25,0,5,31,20,104,7,8,2,8,14,39,4,7,76,71,62,80,53,73,81
120,Campbell McElhinney,Mooroopna,19,"1,181",217,121,96,94,61,11,13,0,1,27,87,79,0,0,0,59,22,37,0,12,49,26,0,3,6,2,38,21,14,6,33,0,6,22,2,128,7,9,14,3,4,44,31,1,0,74,69,80,54,73,55
121,Will Creevey,Euroa,14,"1,175",291,171,120,111,73,39,47,8,2,60,47,37,1,0,0,68,21,47,14,9,64,2,5,8,14,17,27,21,9,0,20,0,3,41,14,70,5,2,3,9,3,28,6,10,80,69,65,75,70,59,85
122,Grant Fuller,Rochester,18,"1,169",202,133,69,90,67,8,27,2,3,28,92,71,1,0,0,60,30,30,7,12,55,30,4,1,4,3,43,13,13,1,69,0,7,43,12,112,9,2,52,4,4,35,32,6,40,58,53,70,30,38,56
123,Sam Bicknell,Shepparton Swans,16,"1,169",248,158,90,103,103,6,33,8,12,54,47,46,0,6,0,65,30,35,2,22,81,16,12,0,4,2,20,16,3,1,34,0,0,32,19,90,14,2,11,5,9,31,6,3,40,63,54,77,39,67,50
124,Ricky Schraven,Seymour,18,"1,161",256,191,65,79,87,14,54,20,18,81,37,50,4,0,0,59,20,39,10,3,84,3,12,0,9,5,11,11,12,0,23,0,0,26,20,113,12,2,1,7,20,25,5,8,50,63,60,74,46,43,82
125,Sam Edgar,Echuca,18,"1,160",261,163,98,111,68,26,48,10,6,69,46,43,0,0,0,77,28,49,2,4,64,4,8,8,13,5,17,14,16,0,29,0,1,21,24,108,16,1,4,5,13,26,4,12,62,70,66,76,52,69,59
126,Max Clohesy,Shepparton Swans,10,"1,156",240,137,103,112,48,53,40,3,2,56,55,75,4,2,0,72,24,48,4,4,44,3,2,8,32,13,21,23,8,1,20,0,2,30,16,119,11,4,5,0,6,58,11,11,60,68,59,80,53,68,48
127,Luke Edwards,Echuca,17,"1,154",187,125,62,76,77,17,19,11,9,57,53,36,1,87,23,37,12,25,2,16,61,22,17,0,8,9,29,11,24,1,65,0,6,28,8,64,5,2,53,5,8,16,12,5,55,66,60,77,53,53,55
128,Nicholas Asquith,Euroa,17,"1,151",193,144,49,54,76,4,5,3,1,26,63,47,1,1,0,29,11,18,4,12,64,26,1,0,2,2,42,13,8,6,56,0,5,14,3,88,7,1,40,5,5,12,30,2,75,79,76,88,40,75,67
129,James Auld,Shepparton Swans,17,"1,143",179,119,60,95,74,2,12,45,23,99,25,30,1,0,0,50,14,36,0,29,45,3,49,0,1,1,0,20,7,0,18,0,0,7,12,77,13,1,3,0,16,13,1,6,66,64,55,80,33,50,0
130,Rhys Clark,Kyabram,12,"1,142",213,181,32,113,77,25,44,18,21,74,36,25,7,7,0,56,20,36,6,30,47,12,26,11,8,6,22,14,11,1,29,0,1,23,20,54,11,2,9,7,10,12,3,11,46,54,52,66,55,56,59
131,Samuel Reid,Echuca,11,"1,139",261,121,140,141,34,68,37,13,7,81,41,51,1,1,0,89,41,48,4,4,30,2,7,22,27,19,7,10,17,5,16,0,4,24,17,76,6,0,3,6,8,39,4,11,65,67,60,74,65,72,43
132,Reeve Evans,Mooroopna,16,"1,126",258,146,112,109,47,18,63,11,16,73,43,54,1,0,0,75,26,49,3,10,37,4,8,1,11,6,6,18,13,0,36,0,0,25,18,145,24,2,3,6,17,34,3,9,40,62,53,74,60,56,50
133,Hudson Kellett,Echuca,15,"1,115",240,110,130,123,41,54,37,5,6,64,43,61,1,0,0,78,33,45,2,6,35,6,7,17,21,16,18,17,18,0,20,0,2,25,13,124,7,6,3,1,8,47,6,10,45,68,55,79,54,61,67
134,James Martiniello,Benalla,16,"1,108",305,137,168,119,69,52,32,1,0,54,51,46,0,1,0,84,33,51,4,1,68,4,1,14,27,11,16,13,15,0,17,0,3,35,17,84,2,3,3,9,8,35,3,4,100,68,61,73,38,63,56
135,Liam Duguid,Shepparton Bears,19,"1,107",193,118,75,79,48,10,24,2,3,36,74,71,1,0,0,59,17,42,2,7,41,13,3,0,8,2,33,7,12,0,73,0,3,21,6,152,12,10,35,13,7,38,26,1,40,69,65,75,54,70,64
136,William Monahan,Echuca,16,"1,095",247,153,94,88,73,27,27,6,5,62,51,39,1,1,0,56,15,41,3,7,66,16,12,7,10,10,22,7,15,3,26,0,5,27,11,79,9,4,12,1,6,21,12,8,54,66,61,74,56,56,55
137,Xavier Chandler,Mooroopna,20,"1,093",278,204,74,80,84,14,36,5,5,48,54,37,3,1,0,60,20,40,14,5,79,11,1,0,12,2,47,10,9,1,19,0,8,44,8,83,9,1,6,3,2,22,13,6,50,60,53,78,53,43,62
138,Baxter Slater,Echuca,11,"1,092",245,129,116,110,62,31,49,10,8,74,44,33,5,0,0,90,35,55,6,1,61,6,9,9,15,7,11,10,12,0,12,0,0,24,16,66,6,2,2,1,7,21,5,15,55,67,59,76,65,74,73
139,Jack Sinclair,Kyabram,18,"1,090",269,170,99,82,72,25,39,5,3,52,58,32,0,0,0,64,11,53,4,4,68,9,1,5,10,10,25,4,6,1,30,0,2,24,15,78,16,5,6,3,4,21,7,6,62,67,56,86,41,60,60
140,Cohen Paul,Euroa,10,"1,076",198,139,59,90,66,12,27,18,16,64,65,23,1,16,3,47,17,30,4,21,45,21,23,4,4,4,22,18,15,2,29,0,5,21,20,52,4,3,18,4,5,12,6,3,52,61,58,68,41,58,59
141,Ty Sutherland,Shepparton Swans,18,"1,069",141,86,55,74,28,43,22,1,4,40,21,66,0,375,71,37,13,24,1,4,24,1,3,18,12,13,14,23,21,0,52,0,2,26,6,139,8,1,11,18,5,45,16,3,20,65,52,84,45,63,29
142,Comanche Walls,Tatura,15,"1,065",233,156,77,71,77,8,10,1,1,18,77,32,0,0,0,51,22,29,6,5,72,21,1,0,4,4,52,13,17,25,45,0,11,35,1,58,8,2,29,5,1,10,21,3,50,73,71,77,60,88,63
143,Oliver Warburton,Shepparton Swans,9,"1,064",265,144,121,100,53,57,49,5,7,52,33,40,10,2,0,67,17,50,7,6,47,2,4,15,23,19,17,6,3,0,11,0,1,29,17,59,4,0,2,5,3,30,7,6,41,67,55,81,53,63,76
144,Hugh Hamilton,Rochester,12,"1,061",202,149,53,98,45,36,48,29,22,78,16,36,0,0,0,53,22,31,2,14,31,2,25,9,15,12,2,21,9,0,9,0,1,9,22,61,3,1,2,3,15,20,1,7,56,55,50,68,50,47,50
145,Mitchell Trevaskis,Shepparton United,17,"1,060",250,158,92,61,102,9,19,1,2,39,61,27,0,1,0,47,12,35,4,6,96,22,3,0,6,3,32,3,11,4,22,0,7,26,6,52,2,4,13,3,0,11,16,2,33,72,67,82,53,33,63
146,Lachlan Rumbiolo,Shepparton Bears,19,"1,052",251,143,108,74,65,16,23,4,7,54,58,36,1,0,0,57,12,45,4,4,61,8,7,0,10,6,19,8,3,0,26,0,1,21,9,84,9,4,10,0,6,28,2,6,36,73,69,80,65,50,68
147,Anthony Depasquale,Kyabram,9,"1,050",194,148,46,73,90,4,21,36,25,87,15,20,1,0,0,33,18,15,1,27,63,3,50,1,1,2,6,9,13,0,12,0,0,8,26,47,8,0,2,2,13,7,0,7,59,61,59,67,52,75,67
148,Sam O'Brien,Shepparton Bears,17,"1,040",218,119,99,85,44,11,35,4,3,70,55,77,0,1,0,57,21,36,0,5,39,3,3,0,8,3,9,19,8,0,41,0,0,13,17,145,24,5,4,8,18,55,4,12,57,70,65,77,54,73,56
149,Hugh Byrne,Echuca,9,"1,030",156,94,62,80,66,19,28,18,12,61,22,18,0,132,17,36,14,22,2,23,43,8,20,3,8,8,10,14,7,0,24,0,2,10,5,32,1,4,10,7,5,11,2,12,60,67,62,74,68,42,80
150,Zavier Maher,Shepparton United,7,"1,021",208,123,85,119,31,71,58,10,8,58,33,41,4,0,0,79,33,46,4,4,27,5,1,23,32,16,12,11,9,0,11,0,0,24,19,66,3,1,2,5,5,34,2,6,55,64,57,74,50,63,58
151,Kale Gibson,Shepparton United,17,"1,020",248,180,68,48,89,7,26,5,5,53,35,29,7,0,0,32,6,26,12,3,86,3,8,2,3,2,33,14,10,16,30,0,3,19,12,99,21,1,5,1,5,22,2,6,50,76,76,76,58,71,76
152,Sam Begley,Benalla,17,"1,018",234,135,99,95,53,18,30,7,12,48,48,46,7,0,0,69,23,46,2,9,44,6,10,2,7,9,19,14,17,1,39,0,5,20,14,127,28,3,6,1,10,27,9,4,36,65,53,82,53,61,53
153,Tom Dunstan,Mansfield,11,"1,008",218,126,92,82,36,34,33,2,0,38,54,58,5,0,0,52,22,30,18,4,32,8,3,6,16,12,32,19,17,18,34,0,5,28,9,95,4,4,18,4,6,36,16,7,100,72,63,86,52,76,69
154,Henry Hill,Benalla,16,"1,003",182,124,58,62,73,5,3,0,0,15,77,19,2,0,0,39,7,32,2,9,64,26,0,0,4,1,41,8,7,13,55,0,8,14,1,46,2,3,44,6,1,7,11,0,0,73,73,72,0,60,73
155,Charlie Isaac,Kyabram,15,998,164,92,72,80,66,9,25,12,7,62,35,44,0,69,16,48,13,35,0,20,46,5,18,1,2,6,10,10,7,0,27,0,0,13,14,88,9,1,10,6,18,22,4,12,63,68,59,79,60,56,50
156,Dylan Gordon,Rochester,13,995,198,165,33,50,50,2,12,1,1,15,63,20,0,9,1,32,10,22,8,9,41,26,1,0,2,0,80,4,10,63,75,0,5,29,4,46,5,2,55,11,1,8,11,0,50,68,67,70,67,50,60
157,Mitchell Vasterink,Benalla,17,994,147,117,30,94,51,28,29,15,14,61,21,22,0,165,43,38,23,15,0,21,30,7,17,2,17,9,8,18,12,0,29,0,2,6,30,61,6,4,13,5,11,11,0,11,50,56,54,67,38,39,63
158,Oscar Emanuelli,Mooroopna,20,991,238,116,122,87,41,17,33,8,5,43,55,67,5,0,0,58,25,33,2,5,36,4,7,0,9,8,10,17,16,0,35,0,1,23,14,145,25,4,4,0,15,44,8,5,61,63,52,74,36,71,60
159,Samuel Guppy,Mansfield,14,990,182,113,69,83,62,7,23,10,13,48,56,37,3,56,18,53,17,36,2,12,50,9,16,3,3,1,23,18,9,5,29,0,6,17,11,60,2,2,15,8,10,17,10,4,43,62,53,75,39,57,52
160,Andrew Bell,Euroa,13,988,251,124,127,99,58,41,32,3,1,37,44,33,1,1,1,68,28,40,1,4,54,9,3,5,19,17,17,12,5,1,7,0,5,25,12,53,1,0,1,5,3,23,7,2,75,68,55,80,38,56,76
161,Cooper Gracie,Benalla,16,987,233,129,104,113,51,28,40,4,7,42,43,66,2,0,0,71,31,40,4,4,47,4,3,8,9,11,5,28,20,0,16,0,1,23,21,119,12,0,2,1,11,47,8,7,36,64,52,80,45,61,80
162,Trent Herbert,Shepparton Bears,16,986,179,121,58,69,71,11,28,26,25,84,14,35,0,21,1,32,18,14,1,18,53,0,40,1,7,3,4,13,16,0,19,0,0,12,21,86,7,2,5,5,22,13,0,14,50,54,50,64,50,36,50
163,Thomas Burnett,Kyabram,17,982,242,124,118,85,69,19,36,12,5,70,24,44,3,0,0,67,25,42,1,6,63,0,7,6,5,8,5,8,22,0,38,0,0,26,20,110,19,4,3,5,14,30,0,10,70,67,57,78,50,74,80
164,Nathan McCarty,Rochester,17,981,238,122,116,88,65,15,44,3,5,45,59,38,1,0,0,67,31,36,4,7,58,11,4,3,9,3,15,6,18,0,24,0,2,29,14,72,4,1,13,3,2,23,13,8,37,69,55,84,48,67,53
165,Xavier Janke,Shepparton Swans,19,980,244,131,113,67,73,12,3,0,0,24,62,29,0,0,0,51,13,38,13,3,70,10,0,1,8,3,38,8,9,0,26,0,6,26,2,72,7,5,10,3,0,14,15,0,0,80,73,88,33,83,63
166,Liam Gronow,Echuca,18,977,208,136,72,84,48,10,40,27,20,88,23,38,4,0,0,60,15,45,2,8,40,4,16,1,5,4,4,16,19,0,32,0,0,11,27,91,14,5,2,10,20,17,1,13,57,63,53,81,48,60,75
167,Cooper Hamilton,Rochester,10,977,204,98,106,90,39,42,40,2,3,44,34,80,2,0,0,57,22,35,8,4,35,9,5,13,23,6,11,13,13,1,22,0,1,25,17,130,10,3,4,5,16,47,17,5,40,71,57,83,58,76,64
168,Kade Dwyer,Shepparton Swans,17,975,220,124,96,89,61,19,28,3,4,47,58,54,1,1,1,74,27,47,4,0,61,6,2,3,11,5,15,11,18,0,41,0,1,23,13,134,18,3,9,8,12,36,6,5,42,67,59,78,43,79,73
169,Will Foster,Mansfield,17,974,211,144,67,83,44,28,44,18,11,61,38,45,3,0,0,59,15,44,2,4,40,5,11,0,17,11,8,11,10,0,41,0,0,25,24,118,16,6,4,13,20,23,2,10,62,56,48,73,45,50,25
170,Max Mahoney,Mansfield,8,967,197,114,83,118,45,41,45,8,14,58,39,48,16,2,0,71,27,44,4,18,27,8,8,9,22,10,13,22,13,2,18,0,1,25,22,86,7,4,1,5,11,32,5,4,36,62,50,78,47,61,54
171,William Emanuelli,Mooroopna,20,965,161,92,69,78,56,10,35,17,13,66,22,35,0,92,15,38,17,21,1,20,36,8,21,1,3,6,10,15,13,0,31,0,0,14,17,78,8,3,9,10,19,15,1,10,54,59,45,78,51,80,30
172,Nic Burke,Euroa,17,954,260,130,130,84,70,11,26,2,4,29,50,28,9,0,0,69,14,55,5,1,69,5,3,2,4,5,27,10,3,0,13,0,2,29,12,62,8,2,3,0,2,18,8,4,33,71,54,88,42,64,63
173,Christian Georgiou,Shepparton Swans,17,950,212,141,71,79,51,28,42,6,6,47,31,69,3,0,0,55,12,43,2,0,51,2,9,3,17,8,5,16,11,0,34,0,3,24,15,152,24,0,7,2,15,50,4,9,50,59,52,75,55,61,80
174,Connor Fleming,Shepparton Bears,18,942,195,131,64,79,60,17,19,13,7,44,48,46,0,1,1,50,19,31,1,12,48,12,14,2,7,8,19,16,19,0,31,0,7,24,20,103,10,6,11,4,12,25,9,4,65,63,60,67,58,47,63
175,Mitchell Walters,Euroa,16,935,189,98,91,106,40,22,32,17,6,52,36,37,0,0,0,76,30,46,2,12,28,2,13,9,6,7,12,13,15,0,18,0,2,18,16,88,11,3,3,1,10,21,6,5,70,68,58,79,59,73,58
176,Jess Petherick,Tatura,16,933,212,135,77,77,85,7,36,3,4,42,31,35,0,1,0,52,19,33,0,8,77,11,11,0,3,4,13,8,8,0,31,0,1,23,16,88,17,2,8,3,11,21,3,10,42,66,55,84,50,57,38
177,Xavier Dimasi,Seymour,14,932,211,126,85,91,61,35,27,3,3,56,47,28,2,1,0,65,19,46,8,8,53,11,7,11,15,9,14,11,10,3,17,0,3,24,11,60,4,0,6,5,6,19,3,11,50,66,57,80,44,57,36
178,Sam McInneny,Shepparton United,18,926,193,136,57,57,87,4,30,14,6,55,28,27,0,0,0,31,13,18,2,13,74,9,22,0,3,1,10,9,4,2,12,0,3,12,16,46,5,0,3,2,13,9,5,10,70,68,60,86,37,50,50
179,Mackinley Ayton,Kyabram,17,925,189,106,83,87,45,13,29,10,7,55,48,42,0,0,0,71,24,47,1,3,42,7,4,1,10,2,12,10,9,0,24,0,3,9,14,96,16,2,5,1,15,21,6,7,58,70,62,80,55,77,67
180,Luke Menhenett,Mansfield,18,923,202,108,94,86,53,9,12,0,0,29,81,56,2,0,0,58,24,34,3,7,46,19,1,0,6,3,37,19,16,2,24,0,11,33,6,90,5,0,11,2,1,32,23,2,0,67,63,71,42,78,57
181,Jordan Loverso,Shepparton United,17,912,186,128,58,75,68,9,44,12,15,68,25,75,1,2,0,54,13,41,2,9,59,5,19,0,9,0,0,9,30,0,26,0,2,17,25,127,12,1,6,6,26,47,2,10,44,64,59,76,50,78,0
182,Miller Griffiths,Kyabram,18,908,224,121,103,78,67,11,27,2,0,25,57,28,0,0,0,54,24,30,4,7,60,10,3,0,8,3,20,8,6,0,13,0,7,13,12,58,4,1,6,1,1,22,5,0,100,67,60,76,33,64,70
183,Zac Alderton,Shepparton Swans,10,901,208,128,80,116,34,75,44,3,2,38,22,41,2,0,0,76,31,45,2,2,32,1,2,15,38,22,11,13,14,0,14,0,1,36,19,81,2,2,2,7,5,29,7,9,60,61,54,73,64,67,55
184,Mitchell Bright,Rochester,16,897,242,150,92,81,63,13,41,1,3,44,74,28,1,0,0,55,20,35,6,9,54,15,1,2,9,2,21,7,22,0,20,0,4,37,17,67,5,4,7,3,0,17,11,5,20,67,59,79,46,62,62
185,William Hogan,Mansfield,12,895,148,111,37,74,54,17,14,29,21,90,13,27,0,3,0,41,11,30,2,13,41,3,40,1,12,4,8,11,11,0,6,0,1,9,17,41,3,0,2,1,18,9,0,20,58,58,50,84,50,47,50
186,Darcy Giles,Seymour,14,893,159,79,80,100,15,19,29,5,6,50,63,80,0,0,0,68,28,40,0,4,11,3,1,1,14,4,6,25,11,0,44,0,2,10,13,196,30,8,3,3,19,57,4,8,41,67,51,84,55,74,67
187,Mitchell Bell,Echuca,15,888,204,128,76,79,57,9,29,11,11,61,47,23,7,1,0,56,16,40,3,7,50,6,10,3,3,3,19,9,10,2,22,0,2,18,11,70,7,3,8,2,3,19,1,6,50,68,59,83,55,56,74
188,Benjamin Reardon,Mansfield,10,888,199,145,54,69,57,13,25,14,9,42,42,21,4,0,0,47,8,39,7,9,48,10,13,0,5,8,27,9,7,1,14,0,3,19,15,58,2,6,1,3,1,14,6,3,60,60,54,76,32,23,56
189,Toby Williams,Mooroopna,20,887,185,88,97,84,31,16,27,9,6,69,29,47,0,0,0,64,25,39,0,4,27,2,5,1,11,4,4,14,5,0,37,0,0,16,6,135,25,4,5,2,15,30,2,11,56,74,61,86,63,81,25
190,Patrick Kennedy,Echuca,17,877,178,100,78,67,62,6,10,0,0,28,53,49,0,0,0,50,23,27,0,6,56,9,0,0,2,4,22,9,13,0,31,0,3,13,6,82,3,3,21,3,0,21,28,1,0,79,73,87,30,67,73
191,Kitt McCamley,Tatura,17,874,218,101,117,58,85,5,15,0,2,27,40,61,1,0,0,43,14,29,2,4,81,9,2,0,2,3,11,11,20,0,32,0,0,34,5,140,16,5,2,5,6,51,4,3,0,74,60,85,53,100,55
192,Tyler McGregor,Benalla,13,873,196,115,81,83,65,11,25,5,5,43,30,31,0,7,1,47,22,25,4,18,47,4,3,1,4,6,13,13,13,7,19,0,1,19,8,59,7,1,10,1,7,21,3,8,50,73,68,81,52,82,69
193,Nate Trotter,Euroa,12,868,183,133,50,63,66,11,19,9,2,27,38,14,1,20,4,37,14,23,8,11,55,13,8,0,7,4,35,10,3,13,23,0,5,21,12,29,4,0,16,3,2,7,5,3,81,65,59,82,47,36,60
194,Declan Newbound,Shepparton United,17,860,180,119,61,49,74,2,11,0,2,24,66,27,1,2,0,25,9,16,8,12,62,19,0,0,2,0,24,9,15,12,37,0,6,15,2,47,3,2,26,6,0,11,16,0,0,76,72,82,45,100,79
195,Tom Jeffrey,Seymour,15,857,185,125,60,66,72,11,32,5,3,44,50,26,0,1,0,47,13,34,3,11,61,18,7,0,10,1,16,5,8,0,23,0,6,22,11,54,6,2,12,1,0,18,8,1,62,65,62,73,50,36,69
196,Fraser Hicks,Shepparton United,14,855,235,156,79,48,56,5,11,0,0,30,54,27,0,0,0,35,10,25,3,7,49,13,2,0,4,1,42,2,6,48,13,0,4,21,5,45,3,1,9,0,0,17,10,1,0,76,73,82,64,60,69
197,Kyle Waters,Rochester,18,852,198,106,92,116,35,9,25,16,19,74,22,27,2,0,0,92,51,41,3,9,26,1,17,1,5,3,1,12,9,0,17,0,0,11,27,70,13,1,0,3,12,14,1,12,44,58,45,72,40,44,0
198,Oscar Dixon,Kyabram,18,846,159,92,67,51,53,1,4,0,0,26,56,42,0,1,0,35,16,19,4,5,48,7,0,0,0,1,26,8,13,0,79,0,7,22,0,87,9,5,62,2,3,18,21,1,0,72,71,75,50,100,65
199,Lachlan Ludeman,Shepparton Bears,14,843,178,91,87,96,38,40,43,7,5,55,27,36,3,0,0,70,29,41,4,6,32,5,4,8,16,16,12,6,17,0,19,0,4,17,17,77,8,3,4,4,8,26,2,8,58,69,54,85,58,75,58
200,Christopher Ryan,Tatura,13,840,159,123,36,62,71,10,13,2,2,16,56,12,1,59,11,23,9,14,1,22,49,32,3,1,4,5,32,10,7,9,16,0,8,26,5,25,2,0,11,2,3,7,2,2,40,65,63,72,62,30,56
201,Jesse Brock,Seymour,16,833,104,43,61,58,30,21,11,3,4,47,23,12,0,364,82,31,17,14,0,9,21,9,8,4,9,8,3,9,11,0,32,0,3,12,7,32,4,0,15,13,1,8,3,2,42,66,42,84,36,67,100
202,Xavier Stevenson,Shepparton Bears,8,821,200,108,92,72,50,41,29,4,3,32,21,39,0,0,0,43,14,29,10,0,50,2,2,15,14,12,14,12,9,0,10,0,0,21,13,72,5,2,1,2,8,27,4,1,57,68,53,85,38,63,64
203,Harper Simpson,Shepparton Swans,15,819,139,112,27,57,52,13,38,25,15,70,17,39,1,9,0,27,10,17,0,9,43,0,24,3,6,4,0,19,11,0,30,0,0,5,22,82,16,2,4,8,18,20,1,6,59,58,53,78,50,54,0
204,Brady Bartlett,Benalla,12,800,186,134,52,61,58,6,14,4,4,26,53,14,0,5,1,40,9,31,2,9,49,14,6,0,4,2,49,6,4,35,29,0,8,20,14,37,2,4,17,5,4,8,2,1,50,63,63,65,29,50,61
205,Jack Osborne,Mooroopna,16,800,112,95,17,73,70,0,18,22,31,70,10,32,0,2,0,15,5,10,1,45,25,1,53,0,0,0,0,13,11,0,24,0,0,5,16,70,16,0,8,0,15,17,0,5,40,48,44,71,44,0,0
206,Felix Fogarty,Rochester,17,799,170,105,65,73,56,3,27,23,14,62,21,27,0,8,1,43,15,28,1,15,41,1,25,0,2,1,4,11,12,1,20,0,2,18,20,65,6,2,7,3,13,13,1,3,62,59,50,72,52,100,25
207,Matt Kellett,Rochester,16,785,143,101,42,60,40,11,17,0,0,17,54,43,2,0,0,39,20,19,6,5,35,9,1,0,9,2,26,15,12,1,46,0,2,18,9,85,9,0,30,3,2,19,22,0,0,70,63,86,35,91,69
208,William Dunstan,Mansfield,17,765,164,93,71,73,42,4,36,6,5,41,32,48,0,0,0,55,14,41,1,4,38,0,9,1,2,1,5,20,11,0,43,0,0,14,21,127,20,7,7,6,9,34,5,11,54,62,52,76,44,100,60
209,Zac Gleeson,Euroa,17,764,150,98,52,52,74,3,19,19,7,62,10,24,0,0,0,31,13,18,1,9,65,2,26,1,1,1,2,7,6,0,14,0,0,13,12,49,4,3,4,2,15,8,1,4,73,70,64,81,79,67,50
210,Will Russell,Tatura,11,763,173,151,22,36,65,3,13,7,4,21,34,20,4,0,0,20,4,16,1,8,57,18,6,0,2,1,48,8,11,46,22,0,5,24,6,40,9,0,11,1,4,12,4,2,63,68,65,86,46,67,69
211,Makai Cronin,Echuca,13,761,156,110,46,61,42,5,43,12,13,60,28,31,2,0,0,43,9,34,1,9,33,2,11,0,3,2,2,5,5,0,16,0,1,9,15,71,9,3,1,3,16,15,0,9,48,67,62,80,72,40,100
212,Nick Mellington,Benalla,9,753,161,99,62,86,31,44,30,3,2,25,24,35,10,1,0,44,20,24,4,5,26,3,1,12,15,17,17,21,12,0,21,0,3,13,7,69,9,3,3,5,0,27,8,4,60,62,58,69,50,52,59
213,Cody George,Mansfield,11,729,155,67,88,74,24,27,29,4,2,59,28,45,2,0,0,49,11,38,0,5,19,2,5,6,15,6,2,13,11,0,22,0,1,14,9,93,3,1,3,8,12,27,6,9,66,74,61,84,52,81,100
214,Michael Mummery,Benalla,13,728,113,96,17,47,51,2,13,37,16,74,8,4,1,1,0,25,5,20,1,13,38,1,36,0,1,1,1,6,4,0,4,0,0,3,8,12,2,0,1,1,3,1,0,4,68,64,63,71,62,50,100
215,Marcus Varley,Euroa,12,728,173,105,68,57,39,22,13,0,0,16,28,52,0,0,0,42,12,30,8,2,37,5,1,4,11,7,16,7,11,3,31,0,3,24,7,107,10,3,11,3,6,26,20,1,0,61,50,79,23,50,63
216,Jack McHale,Echuca,6,727,150,78,72,79,29,37,31,4,5,45,22,37,0,0,0,52,21,31,1,2,27,2,7,13,14,10,6,7,8,0,21,0,2,16,13,71,5,6,3,5,11,22,4,7,44,68,60,76,58,59,67
217,Nathan Fowler,Seymour,16,723,131,80,51,76,47,9,27,10,7,51,26,39,0,29,9,36,19,17,1,18,29,5,18,1,5,3,6,13,17,0,27,0,2,16,15,89,9,0,9,8,15,18,6,7,58,61,50,78,56,56,17
218,Jack Fullager,Benalla,17,716,155,64,91,59,44,8,4,0,0,10,56,23,0,0,0,37,12,25,0,3,41,8,0,0,6,2,22,13,6,7,29,0,4,10,1,48,3,2,16,6,0,9,14,0,0,80,80,80,50,88,68
219,Anthony Andronaco,Shepparton Bears,12,706,146,101,45,68,45,17,39,16,9,58,20,16,0,0,0,40,12,28,1,9,36,2,13,4,10,3,5,12,12,0,8,0,0,16,15,42,2,2,1,3,5,11,0,8,64,58,57,60,59,47,60
220,Mitchell Serra,Shepparton United,13,705,158,93,65,40,54,5,29,3,1,36,29,20,2,0,0,24,5,19,5,6,48,7,2,1,1,3,10,7,2,1,18,0,0,12,6,45,10,1,1,4,4,13,3,8,75,78,72,86,79,60,70
221,Reuben Rode,Kyabram,10,704,145,77,68,66,31,15,20,9,3,50,26,34,1,1,1,45,8,37,3,5,26,1,6,2,10,3,7,12,2,0,15,0,1,12,8,67,10,2,1,2,11,21,2,13,75,72,65,79,55,80,86
222,Jack Christopher,Mansfield,12,693,72,32,40,48,16,20,10,0,0,19,22,48,0,191,40,26,8,18,0,4,12,6,2,7,11,2,9,8,6,0,33,0,1,5,3,62,2,1,22,5,5,36,7,2,0,74,53,90,50,75,56
223,Timothy Looby,Shepparton United,16,692,123,98,25,47,61,5,17,18,23,72,5,7,0,5,0,19,7,12,0,20,41,1,44,1,3,1,0,6,1,0,7,0,0,3,14,18,6,0,0,1,5,2,0,15,42,53,50,64,59,20,0
224,Jack Johnston,Mooroopna,9,681,115,81,34,57,46,10,15,17,9,49,17,18,0,39,12,23,8,15,0,12,34,6,18,0,6,4,5,16,10,0,11,0,0,15,10,33,3,0,8,0,6,8,4,9,65,58,52,74,53,50,0
225,Benjamin Cooney,Seymour,13,681,115,74,41,54,39,3,6,3,2,25,59,24,0,1,0,30,13,17,2,14,25,23,4,0,1,2,12,8,10,0,23,0,7,4,2,49,6,1,16,0,1,14,9,0,60,76,72,83,50,67,75
226,Jack Frewen,Euroa,12,672,128,59,69,72,31,15,14,3,1,29,35,53,0,0,0,50,25,25,1,4,27,4,2,3,5,7,7,15,10,1,21,0,2,14,7,100,13,0,4,2,6,35,12,5,75,72,68,75,50,67,71
227,Jake Parkinson,Kyabram,9,661,135,100,35,35,34,8,20,2,0,24,42,23,3,0,0,28,12,16,10,1,33,9,0,2,4,2,21,3,6,3,21,0,0,14,5,50,1,1,15,2,1,15,7,3,100,76,71,91,60,50,81
228,Tom Sparks,Rochester,13,650,169,122,47,54,47,9,22,0,2,18,58,24,2,0,0,41,13,28,8,5,42,10,1,3,3,3,30,7,13,17,14,0,8,28,10,51,3,2,8,1,2,10,12,0,0,66,62,74,32,78,57
229,Colby Mathieson,Benalla,16,646,106,47,59,53,17,16,4,0,0,9,32,65,0,0,0,35,11,24,0,1,16,2,0,6,3,7,22,15,7,0,58,0,5,15,1,103,9,4,33,5,3,42,20,0,0,69,66,71,50,63,45
230,Tom Riley,Benalla,14,633,134,107,27,42,47,7,26,17,13,46,14,23,0,1,1,25,3,22,3,3,44,0,20,0,5,2,3,8,3,0,30,0,0,12,19,83,19,0,5,6,10,13,0,2,56,48,42,70,42,43,100
231,Mackenzie Calleja,Mooroopna,8,617,106,80,26,48,42,3,9,0,0,9,49,18,1,4,2,24,5,19,3,10,32,14,0,0,1,2,25,13,8,0,31,0,2,12,2,34,1,1,24,3,0,10,8,2,0,62,59,73,22,33,48
232,Liam Rachele,Shepparton Swans,12,610,119,72,47,53,41,10,22,7,7,32,24,41,1,0,0,39,16,23,1,6,35,8,6,0,5,5,2,9,6,0,14,0,0,17,10,75,8,0,1,5,12,27,2,6,50,63,56,74,55,70,50
233,Noah Muir,Shepparton Bears,10,608,157,83,74,57,31,14,27,8,3,49,18,27,0,0,0,43,21,22,4,1,30,1,7,2,8,4,2,3,6,0,11,0,0,19,16,48,6,1,1,3,7,19,1,11,72,63,54,73,52,57,100
234,Adam Decicco,Shepparton Bears,7,606,133,67,66,72,27,28,25,1,1,24,26,44,0,0,0,45,21,24,4,3,24,1,0,10,10,8,7,13,10,0,8,0,1,15,9,73,2,1,2,3,8,31,5,5,50,60,48,73,28,54,43
235,Nicholas Loverso,Shepparton United,12,601,139,92,47,43,51,6,23,0,0,27,34,31,0,0,0,30,13,17,8,2,49,6,5,0,5,1,9,7,9,0,15,0,1,8,13,62,11,1,1,2,6,23,2,3,0,70,63,83,52,83,56
236,Thomas Martin,Seymour,14,589,112,60,52,49,38,5,8,1,2,19,50,20,0,1,0,37,14,23,1,4,34,10,0,0,4,1,22,3,10,5,30,0,6,9,4,45,6,1,18,3,3,4,13,2,33,79,75,85,63,80,68
237,Adam Giobbi,Euroa,10,584,130,108,22,43,49,0,11,6,9,25,37,6,0,1,0,24,5,19,10,12,37,16,12,0,0,0,42,2,10,10,14,0,2,25,7,23,3,2,7,2,1,1,4,3,40,55,54,64,55,0,50
238,Kade Alper,Shepparton Swans,12,583,132,97,35,32,62,6,18,3,1,21,25,15,0,7,2,18,9,9,4,9,53,6,9,2,1,3,16,5,5,1,22,0,1,21,12,46,5,2,11,2,3,9,3,5,75,64,61,74,39,33,63
239,Caiden Phillips,Shepparton United,11,583,113,74,39,30,37,3,8,0,1,23,37,23,1,0,0,21,4,17,3,3,34,9,1,0,3,0,14,8,4,2,42,0,4,8,2,45,5,3,25,7,0,10,13,1,0,75,80,67,75,67,57
240,Jay Canterbury,Mansfield,10,580,83,46,37,38,37,4,5,2,0,13,38,22,1,6,2,19,7,12,1,10,27,19,0,0,4,0,15,5,7,0,34,0,4,8,0,37,2,2,28,2,4,7,11,2,100,77,76,78,60,100,80
241,Fergus Schier,Mansfield,12,578,73,17,56,48,11,22,3,1,0,28,16,17,0,234,64,30,10,20,0,2,9,2,3,9,7,6,5,12,13,0,21,0,2,10,1,29,0,2,8,9,4,10,3,2,100,73,41,82,33,73,60
242,Will Dwyer,Shepparton Swans,13,578,129,83,46,62,29,29,25,6,4,48,17,35,0,31,4,42,18,24,1,3,26,1,6,6,17,6,7,4,20,0,19,0,0,17,17,74,7,3,1,6,10,23,2,7,54,66,58,80,48,52,100
243,Rory Duffy,Shepparton Swans,12,570,136,85,51,35,42,8,23,4,2,19,29,15,4,0,0,30,10,20,3,0,42,4,5,1,4,3,10,3,2,2,15,0,1,12,8,45,6,1,2,5,6,9,0,2,66,76,68,88,57,75,80
244,Cade Dealy,Tatura,10,558,138,107,31,25,62,2,7,2,0,10,16,12,1,0,0,16,4,12,2,5,57,4,2,0,1,1,20,0,1,13,14,0,3,12,3,40,7,1,5,1,1,7,4,0,100,77,79,71,29,0,80
245,Tom Bennett,Benalla,8,548,121,73,48,47,32,19,24,1,0,17,27,20,3,0,0,28,7,21,2,3,29,3,0,3,14,2,13,8,11,2,18,0,2,10,6,44,0,1,11,4,1,14,5,1,100,74,66,85,63,63,77
246,Xavier Hutchison,Tatura,9,537,115,89,26,40,39,7,9,0,0,5,29,25,5,0,0,22,3,19,2,6,33,10,0,1,5,1,34,8,1,17,21,0,4,19,5,48,10,1,8,2,0,17,8,0,0,63,58,81,33,43,65
247,Angus Williams,Shepparton Bears,8,535,78,47,31,42,34,2,10,11,7,34,25,21,0,26,3,20,6,14,0,13,21,7,19,1,1,0,5,8,3,0,14,0,1,4,9,40,2,0,7,3,9,11,1,4,61,55,51,61,40,50,60
248,Jonty Wardle,Shepparton Bears,8,535,114,72,42,45,40,4,12,0,0,13,39,17,0,0,0,26,9,17,0,8,32,10,2,0,2,2,11,10,9,2,32,0,8,13,3,34,3,0,26,3,1,6,10,3,0,69,64,79,33,75,45
249,Cooper Barber,Echuca,7,527,105,63,42,43,31,17,15,9,3,47,10,22,0,0,0,24,10,14,1,6,25,3,12,3,10,4,2,5,6,0,7,0,0,4,10,47,0,1,2,3,6,16,0,5,75,70,59,88,60,59,50
250,Nicholas Dundon,Seymour,12,527,127,84,43,38,46,5,15,3,0,18,29,15,2,0,0,29,13,16,6,3,43,6,2,2,1,2,12,3,3,0,13,0,1,17,7,38,5,1,7,0,0,10,5,0,100,66,60,79,40,80,67
251,Keily Jager,Euroa,14,524,97,53,44,47,28,3,13,5,5,23,25,43,1,0,0,31,13,18,0,3,25,7,6,0,2,1,5,13,11,0,21,0,0,10,7,90,17,1,2,1,13,28,2,3,50,70,53,91,46,67,80
252,Cooper Holdsworth-Rose,Seymour,12,523,97,72,25,27,47,2,7,0,0,11,27,26,0,1,0,16,8,8,0,3,44,7,0,0,2,0,21,6,8,2,39,0,5,12,5,58,7,2,28,1,0,10,16,0,0,69,65,80,14,50,62
253,Gus Van der Heyden,Mansfield,8,516,42,28,14,37,8,15,14,0,1,16,12,36,0,238,64,14,7,7,0,2,6,2,0,4,4,7,3,11,13,0,14,0,1,16,2,60,0,3,4,4,7,22,7,4,0,45,39,57,29,53,67
254,Harrison Bell,Mooroopna,9,516,107,64,43,44,31,8,15,14,6,36,12,14,0,0,0,27,12,15,1,7,24,1,17,1,3,4,2,5,7,0,12,0,0,9,9,41,8,3,1,0,6,8,0,4,70,64,56,74,53,88,100
255,Patrick Warner,Benalla,14,515,122,67,55,43,30,5,25,4,2,36,28,17,0,0,0,32,7,25,5,0,30,3,5,1,1,3,4,12,2,0,21,0,1,15,11,53,9,2,3,3,5,9,3,7,66,65,57,75,40,60,50
256,Noah Williams,Mooroopna,12,511,112,56,56,38,24,4,22,13,10,47,10,19,15,0,0,25,6,19,7,4,20,0,9,0,3,1,0,6,5,0,17,0,0,8,7,51,6,0,5,5,8,10,1,6,56,65,50,80,55,50,0
257,Campbell Smedley,Mansfield,10,503,91,54,37,50,17,18,13,2,1,14,29,34,0,6,2,27,11,16,1,7,10,10,1,5,9,4,9,10,8,1,18,0,2,14,5,53,1,5,10,2,5,16,13,0,66,68,61,78,62,72,56
258,Michael Barlow,Shepparton United,4,502,126,60,66,59,24,36,10,2,2,26,13,10,0,1,0,36,19,17,4,4,20,0,3,10,17,9,10,5,3,0,4,0,1,15,4,19,2,0,1,1,1,8,1,3,50,66,58,73,80,50,50
259,Charlie McCarthy,Benalla,13,496,113,63,50,51,19,6,10,0,0,10,49,36,1,2,1,35,16,19,1,0,19,3,1,0,4,2,17,14,11,0,18,0,8,17,5,68,10,1,5,1,0,24,12,2,0,69,63,76,50,67,65
260,Mitchell Elliott,Tatura,10,491,137,75,62,49,34,27,15,0,0,13,20,27,0,0,0,34,2,32,4,1,33,2,2,9,8,10,11,4,3,0,10,0,1,20,13,49,3,1,1,5,5,18,4,2,0,59,51,69,47,52,64
261,Travis Young,Benalla,7,490,108,63,45,59,18,23,24,1,3,18,26,20,1,0,0,39,13,26,4,1,17,3,3,8,8,7,11,7,7,0,21,0,1,14,9,55,8,0,7,5,3,16,1,1,25,59,46,78,46,43,64
262,Charlie Murdoch,Tatura,9,487,132,80,52,46,37,9,7,0,1,12,35,19,2,0,0,38,7,31,0,1,36,7,1,0,6,3,15,6,11,1,14,0,4,22,4,48,6,3,1,4,1,13,5,2,0,64,59,71,43,56,47
263,Harrison Mazzella,Shepparton Swans,11,486,103,60,43,44,33,8,25,4,3,27,13,32,0,1,0,36,9,27,1,0,33,0,6,1,4,3,0,9,5,0,7,0,0,7,12,52,4,0,0,3,15,17,0,8,57,65,57,77,68,38,0
264,Will Wood,Mooroopna,10,483,57,31,26,37,16,14,2,8,2,19,14,17,0,157,24,19,7,12,0,6,10,2,8,2,9,3,6,5,6,0,6,0,2,4,2,36,3,1,2,0,2,8,7,3,80,70,71,69,100,71,83
265,Jack Sheldon,Kyabram,12,479,105,60,45,37,26,8,10,1,0,20,35,22,0,0,0,30,4,26,2,4,22,5,0,0,7,1,15,1,9,0,35,0,1,16,3,37,2,2,24,6,0,8,14,1,100,71,62,84,40,75,40
266,Jack Walters,Euroa,8,478,88,52,36,32,32,5,4,0,1,17,37,22,1,0,0,25,13,12,1,3,29,7,2,2,2,1,17,2,1,0,18,0,1,7,3,43,5,3,5,4,0,14,8,1,0,75,75,75,25,80,82
267,Isaiah Scoble,Kyabram,10,478,96,68,28,42,28,5,18,10,5,36,17,22,3,0,0,31,9,22,4,3,25,1,2,1,4,0,6,7,7,0,11,0,0,8,5,35,2,1,1,6,6,14,2,3,66,72,69,79,61,80,67
268,Hunter Wileman,Rochester,12,478,101,54,47,35,32,8,16,7,4,30,15,37,1,0,0,30,5,25,1,1,31,0,6,1,6,1,3,5,5,0,9,0,0,12,10,70,5,0,0,3,12,22,3,6,63,64,54,77,38,63,67
269,Sean Johns,Tatura,8,478,98,64,34,54,27,16,7,7,6,29,17,20,2,1,0,31,12,19,5,4,23,2,8,3,6,7,9,9,11,0,7,0,0,12,6,30,4,1,0,2,4,13,3,4,53,71,67,79,43,56,67
270,Brayden Van Winden,Mansfield,15,467,49,26,23,29,6,2,0,0,1,6,30,64,0,0,0,20,5,15,0,0,6,2,0,0,2,0,11,8,7,0,59,0,3,10,0,105,5,4,37,8,1,29,34,0,0,55,46,65,0,0,55
271,Curtis Ryan,Tatura,6,467,109,87,22,28,29,5,10,2,0,13,20,18,1,1,1,18,3,15,5,4,25,6,0,0,2,3,29,2,6,20,12,0,3,16,2,33,2,0,8,1,4,8,6,0,100,72,69,86,70,40,72
272,Hamish Willett,Benalla,14,466,127,66,61,39,38,7,14,1,2,21,15,18,7,0,0,29,8,21,8,3,35,1,1,0,5,2,9,2,4,1,17,0,2,14,3,43,8,1,3,2,3,13,2,2,33,66,62,70,57,57,56
273,Jobe Jakobs,Mooroopna,12,462,103,60,43,27,35,3,3,0,1,13,31,23,7,0,0,16,2,14,5,1,34,5,1,1,2,0,18,11,6,1,19,0,3,10,2,46,5,0,11,3,0,10,13,0,0,69,60,81,0,67,61
274,William Kelly,Mansfield,6,451,78,49,29,39,27,7,12,12,7,35,8,18,0,10,0,20,7,13,3,9,18,2,12,0,3,4,1,5,6,0,12,0,0,4,9,25,3,3,6,0,13,4,1,5,63,63,57,72,42,57,100
275,Tom Maloney,Seymour,5,445,94,51,43,51,26,19,23,3,4,31,13,24,1,0,0,36,13,23,0,6,20,2,3,4,9,6,2,7,7,0,7,0,1,11,11,43,3,1,0,3,10,12,2,5,42,62,51,74,52,68,0
276,Darby Wileman,Rochester,10,437,96,62,34,40,30,6,21,6,2,21,15,28,6,0,0,30,14,16,2,3,27,1,4,1,2,3,5,6,9,0,20,0,2,12,13,64,11,3,2,2,3,24,1,3,75,66,63,71,43,100,80
277,Liam Smith,Mansfield,10,434,110,64,46,43,20,7,16,5,6,27,22,26,0,0,0,33,6,27,3,0,20,1,4,2,4,1,5,7,3,0,27,0,1,17,13,51,6,2,7,8,3,22,1,3,45,54,39,74,44,57,20
278,Ethan Maney,Benalla,6,433,95,58,37,34,32,6,26,2,6,18,13,21,0,1,1,23,10,13,4,4,28,2,2,0,5,1,6,6,8,0,5,0,1,9,6,35,1,0,2,2,8,13,0,4,25,69,60,84,58,50,33
279,Andrew Ciavarella,Tatura,8,432,113,61,52,41,30,16,9,0,3,16,19,16,0,0,0,27,12,15,1,4,26,2,4,6,5,5,10,5,7,0,10,0,2,14,5,39,2,4,1,3,5,10,1,3,0,65,57,73,67,56,40
280,Lincoln Mckernan,Euroa,12,428,86,41,45,28,31,5,1,0,0,9,20,14,1,14,4,20,4,16,0,1,30,5,0,0,2,3,8,7,4,0,29,0,2,10,0,27,1,1,19,7,5,3,6,1,0,74,73,76,100,40,25
281,Ryan Ash,Shepparton Bears,7,428,95,61,34,46,16,8,18,2,2,18,30,21,0,0,0,37,12,25,3,1,15,5,0,0,6,2,14,5,5,4,12,0,1,16,5,50,4,1,5,1,2,16,3,0,50,62,54,76,44,63,64
282,Rory Kennedy,Seymour,6,419,87,65,22,38,26,11,13,10,6,26,10,20,1,0,0,25,8,17,1,5,21,0,8,0,8,3,3,3,6,0,2,0,0,7,9,36,0,2,0,0,11,9,0,4,62,52,49,59,38,64,33
283,Angus Bolitho,Mansfield,9,410,69,31,38,30,26,3,3,0,0,7,34,24,0,0,0,22,7,15,0,7,19,14,0,0,2,1,7,3,5,0,27,0,6,7,1,52,6,1,18,0,0,15,9,0,0,67,71,63,67,67,29
284,Owain Boyle,Benalla,7,403,107,76,31,36,41,10,14,2,2,21,17,18,2,0,0,22,7,15,1,7,34,2,2,2,5,3,11,5,12,0,14,0,0,21,12,49,6,1,6,1,3,12,3,3,50,57,50,74,29,50,18
285,Kobie Issell,Mooroopna,8,403,79,52,27,30,28,3,18,7,9,38,9,10,3,0,0,23,5,18,0,2,26,2,12,0,2,1,0,3,3,0,17,0,0,1,9,34,8,1,4,4,4,6,0,5,43,65,56,81,50,33,0
286,Liam Scopelliti,Tatura,10,402,76,58,18,43,18,9,11,5,3,18,24,27,0,0,0,19,2,17,0,6,12,2,5,2,4,3,6,14,8,0,10,0,0,8,7,45,4,2,4,0,6,15,6,0,55,67,64,78,27,44,50
287,Echuca 26,Echuca,7,399,79,57,22,33,25,3,10,0,0,12,33,21,0,0,0,21,12,9,1,4,21,10,0,0,3,0,9,2,7,0,12,0,2,11,1,37,3,3,2,1,0,12,9,0,0,76,72,86,70,100,56
288,Xavier Lewis,Shepparton Bears,7,396,106,62,44,39,22,12,17,2,7,35,15,12,1,0,0,31,8,23,1,0,22,0,4,1,10,1,4,3,6,0,16,0,1,10,8,30,4,2,3,7,3,8,1,4,22,58,50,68,35,67,75
289,Seamus Feery,Seymour,11,394,84,40,44,31,32,8,8,3,1,16,19,22,0,13,2,19,8,11,0,5,27,4,5,1,7,0,5,4,13,0,13,0,3,8,3,49,2,2,3,3,4,15,3,1,75,75,55,93,25,75,40
290,Bailey Boyack,Rochester,7,387,100,36,64,42,20,24,16,0,0,19,10,12,0,0,0,29,9,20,1,1,19,0,2,9,7,8,1,3,5,0,10,0,1,8,6,37,4,3,0,1,3,7,2,3,0,77,50,92,50,83,0
291,Jordan Anderson,Mooroopna,10,383,102,58,44,40,19,6,12,1,0,16,21,27,0,0,0,22,5,17,1,2,17,1,1,0,5,1,4,10,5,0,19,0,2,15,7,62,11,4,3,1,2,20,5,4,100,63,50,80,42,67,75
292,Spencer Sharp,Shepparton Bears,5,383,84,57,27,24,34,7,14,3,1,18,20,7,1,0,0,20,6,14,1,3,31,7,4,1,2,4,10,1,2,0,5,0,0,8,6,19,1,0,2,0,1,6,0,0,75,68,63,78,50,57,70
293,Fraser Cleary,Rochester,7,379,100,67,33,39,29,6,18,2,0,15,28,12,3,0,0,28,8,20,5,1,28,6,1,0,3,3,10,4,10,1,9,0,2,20,10,24,2,0,5,2,2,7,3,1,100,64,61,70,44,50,70
294,Harrison Keating,Rochester,8,377,88,52,36,33,19,7,15,6,4,31,10,7,0,0,0,28,4,24,1,2,17,1,5,0,6,1,1,1,0,0,11,0,0,9,2,26,3,0,1,6,0,6,1,6,60,72,67,78,80,71,100
295,Sam Sheldon,Kyabram,8,370,95,64,31,28,24,6,11,0,2,13,30,14,0,0,0,22,11,11,3,1,23,6,0,0,4,2,15,4,4,3,9,0,4,11,3,26,2,1,4,2,1,9,4,0,0,60,52,77,27,50,40
296,Caelan Templeton,Rochester,10,368,89,62,27,33,28,3,22,3,1,20,19,19,0,0,0,26,10,16,1,3,25,6,4,0,1,2,2,3,7,0,13,0,0,14,16,51,7,3,1,2,6,13,0,3,75,60,53,74,36,67,50
297,Marty Hore,Rochester,3,361,77,69,8,22,18,0,7,1,0,10,30,6,0,0,0,11,1,10,7,6,12,13,0,0,0,0,29,5,5,22,14,0,1,11,4,8,0,0,13,0,0,5,1,0,100,65,64,75,29,0,55
298,Josh Porter,Seymour,6,361,92,53,39,33,24,1,6,0,0,20,25,10,2,0,0,26,8,18,7,1,23,3,0,0,1,0,11,4,4,1,11,0,2,9,3,25,6,0,5,0,0,8,2,0,0,77,75,79,33,100,45
299,Brett Mahoney,Mansfield,4,360,83,42,41,29,16,10,18,2,3,30,8,12,3,0,0,20,3,17,2,0,16,0,2,2,3,5,3,4,1,0,4,0,0,4,5,22,2,0,1,0,5,7,0,7,40,75,62,88,56,80,100
300,Angus Byrne,Echuca,5,358,60,45,15,37,33,0,12,9,6,31,2,6,0,2,0,11,2,9,0,19,14,0,19,0,0,0,0,5,5,0,5,0,0,4,6,15,3,0,1,1,4,2,0,6,56,68,60,93,75,0,0
301,Jessie Johnstone,Echuca,7,357,78,56,22,25,23,6,22,3,1,22,16,15,0,0,0,20,5,15,3,1,22,4,4,0,4,2,3,2,4,1,13,0,3,5,11,39,5,4,4,0,3,9,3,6,75,64,59,77,41,33,67
302,Dylan Davis,Seymour,11,357,71,40,31,33,15,6,11,0,0,15,25,21,0,0,0,24,11,13,3,1,14,3,0,0,2,4,8,4,2,0,17,0,0,12,2,48,1,4,10,1,2,12,7,4,0,70,65,77,55,67,75
303,Kye Jeffery,Shepparton United,9,356,70,33,37,38,16,6,10,5,1,28,9,20,0,0,0,29,11,18,1,3,13,0,3,1,2,3,2,5,4,0,19,0,0,4,7,43,13,0,1,0,8,11,1,6,83,69,61,76,50,83,50
304,Seymour 49,Seymour,4,354,74,65,9,20,30,2,16,5,0,24,10,7,0,0,0,9,3,6,5,6,24,1,3,0,1,1,5,3,5,0,6,0,1,6,3,25,3,0,2,1,5,2,0,5,100,81,80,89,81,50,80
305,Nicholas McCabe,Euroa,11,352,82,45,37,23,26,1,5,0,0,6,17,15,1,0,0,16,6,10,1,3,23,5,0,0,1,0,19,5,4,2,17,0,1,13,4,32,2,0,13,1,1,8,6,0,0,72,67,78,60,100,63
306,Flynn Grumley,Shepparton Swans,4,351,82,46,36,34,14,9,12,0,0,11,26,15,1,0,0,28,10,18,0,0,14,2,0,1,6,2,14,2,2,1,9,0,3,9,4,42,2,0,5,1,1,10,4,1,0,60,50,72,50,78,64
307,Blake Armstrong,Tatura,13,348,72,55,17,21,35,1,16,7,5,20,7,20,0,0,0,11,3,8,0,3,32,2,10,0,1,0,1,5,5,0,15,0,2,7,10,53,10,0,4,0,6,12,2,2,58,51,45,71,44,0,0
308,Riley Northcott,Mansfield,10,335,78,37,41,37,12,6,16,5,4,30,14,21,3,0,0,27,5,22,1,2,10,1,2,0,2,4,1,6,6,0,13,0,0,6,15,42,8,0,2,2,4,17,0,6,55,68,54,80,31,67,100
309,Hugo Cornell,Benalla,7,327,88,48,40,19,28,2,10,0,1,10,15,10,0,0,0,16,5,11,0,1,27,3,0,0,1,1,10,4,1,0,9,0,0,11,3,31,6,0,2,1,0,9,1,2,0,72,58,88,60,100,70
310,Nicholas Watt,Tatura,8,318,69,30,39,35,24,10,4,1,1,8,7,20,0,0,0,26,7,19,1,0,24,2,2,0,7,3,2,2,5,0,13,0,0,4,6,50,12,0,0,1,5,11,4,1,50,70,57,79,50,80,50
311,Ben Les,Mansfield,3,316,66,50,16,16,21,0,3,0,0,3,25,4,0,0,0,11,2,9,3,4,17,12,0,0,0,0,20,0,2,17,9,0,1,7,2,7,1,0,6,2,1,2,1,0,0,79,78,81,0,0,70
312,Jude Palmer,Rochester,8,313,52,31,21,27,25,5,8,3,6,16,9,13,0,22,4,12,5,7,0,9,16,3,10,0,2,3,2,2,5,0,14,0,0,2,6,38,9,2,3,0,10,3,0,1,33,60,48,76,38,60,100
313,Nate Sutherland,Shepparton Swans,8,312,49,16,33,27,6,14,3,0,1,15,10,18,0,143,25,16,6,10,0,0,6,2,0,2,11,1,3,5,7,0,8,0,1,10,1,39,1,1,1,3,0,14,4,1,0,57,31,70,33,71,0
314,Adam Zimmermann,Euroa,6,305,35,19,16,16,8,6,4,0,2,16,6,15,0,115,35,8,1,7,0,4,4,2,2,2,2,2,2,5,3,0,13,0,1,3,4,31,5,1,3,3,4,5,6,0,0,54,42,69,25,50,100
315,Ryan Butler,Tatura,8,305,74,48,26,30,21,8,17,6,0,15,8,9,0,0,0,20,10,10,1,2,19,0,5,3,3,2,2,5,4,0,5,0,0,9,12,21,3,0,0,1,3,6,0,5,100,64,54,81,47,50,50
316,Archie Wilson,Euroa,6,304,53,28,25,18,17,4,11,3,0,18,9,24,2,0,0,12,7,5,1,1,16,5,4,1,2,1,1,4,5,0,14,0,0,7,4,52,9,3,0,0,9,13,2,5,100,77,75,80,64,75,0
317,William Brooks,Mansfield,6,302,47,22,25,27,9,0,1,0,0,3,32,10,0,2,0,21,7,14,0,3,6,5,0,0,0,0,13,4,4,1,23,0,1,5,0,21,0,2,18,0,1,2,7,0,0,66,50,80,100,0,54
318,Michael Archer,Tatura,5,288,77,55,22,13,28,4,7,0,1,5,13,7,1,0,0,11,2,9,4,0,28,4,1,1,0,3,18,1,1,8,6,0,3,10,3,14,1,0,4,0,0,6,1,0,0,61,56,73,29,25,50
319,Benjamin McCarthy,Seymour,7,287,73,49,24,25,24,2,13,1,2,17,12,17,0,0,0,18,5,13,1,2,22,0,3,0,1,1,6,4,4,0,11,0,2,6,7,40,9,2,0,0,5,10,2,1,33,63,53,83,54,50,100
320,David O'Dwyer,Shepparton United,4,284,32,18,14,27,2,20,8,0,0,10,8,6,0,101,26,4,2,2,0,0,2,1,0,3,9,8,1,5,2,0,2,0,0,3,1,10,0,0,1,1,0,5,1,2,0,69,61,79,75,70,100
321,Henry Thomas,Euroa,8,279,67,23,44,23,18,4,5,0,1,13,9,21,0,0,0,17,6,11,1,2,16,1,0,0,3,1,1,4,5,0,9,0,1,3,3,45,2,2,2,0,4,15,2,1,0,79,65,86,40,100,100
322,Adam Storer,Mansfield,8,270,52,30,22,18,20,0,9,7,2,16,5,10,0,1,0,12,3,9,0,3,17,1,5,0,0,0,6,3,3,1,11,0,0,6,4,24,1,2,4,1,5,4,1,2,77,56,53,59,56,0,17
323,Steele Simpson,Shepparton Swans,5,270,51,43,8,16,27,0,12,7,6,26,4,5,4,3,0,7,2,5,0,5,22,1,14,0,0,0,0,2,3,0,8,0,0,1,12,13,3,2,1,0,2,3,0,5,53,59,58,63,75,0,0
324,Al Bennett,Mansfield,7,268,47,35,12,18,21,2,4,11,7,30,6,10,0,0,0,12,4,8,0,2,19,2,6,0,1,1,0,6,4,0,2,0,1,3,4,16,1,0,0,1,5,5,0,2,61,66,60,83,75,50,0
325,Adam Pulsoni,Kyabram,7,266,68,38,30,14,21,3,5,1,1,19,13,11,0,0,0,12,3,9,0,0,21,3,1,0,2,1,4,3,6,0,9,0,1,5,2,26,2,0,4,3,1,8,2,0,50,82,84,80,80,100,100
326,Daniel Bruno,Mansfield,9,266,62,34,28,28,12,4,11,0,0,5,30,6,0,0,0,21,8,13,2,2,10,7,0,0,2,2,5,7,6,0,12,0,2,5,5,23,3,0,6,3,0,5,1,0,0,61,41,86,18,100,60
327,Oscar Willis,Tatura,6,263,60,45,15,19,14,4,4,1,1,3,18,16,1,0,0,15,1,14,0,0,14,1,0,1,2,1,14,4,5,3,18,0,1,9,4,27,7,0,10,1,1,6,9,0,50,60,56,73,25,75,43
328,Andrew Riordan,Shepparton Swans,4,260,41,20,21,17,16,1,12,5,1,20,6,10,0,0,0,13,3,10,0,2,14,1,7,0,0,1,0,2,0,0,3,0,0,0,2,15,1,0,2,0,6,4,0,6,83,80,80,81,83,100,0
329,Sam Thomson,Seymour,7,258,54,36,18,24,20,0,8,1,4,15,18,12,1,0,0,14,5,9,0,5,15,5,4,0,0,0,4,4,2,0,6,0,0,10,2,27,1,0,3,1,2,10,0,2,20,63,56,78,50,0,50
330,Mitch Cricelli,Rochester,3,256,33,31,2,18,18,0,3,15,8,27,0,4,0,4,0,4,2,2,0,9,9,0,16,0,0,0,0,5,2,0,1,0,0,1,4,4,0,0,0,1,2,2,0,0,65,64,65,50,100,0,0
331,Jai Milligan,Echuca,4,253,50,27,23,25,10,2,5,0,0,8,20,10,0,3,1,18,5,13,3,3,7,6,0,0,2,0,4,3,2,0,14,0,2,4,2,17,1,3,8,2,1,6,3,1,0,68,67,70,20,50,100
332,Jake Penman,Euroa,6,251,46,33,13,13,18,2,3,0,1,7,15,10,0,0,0,6,1,5,1,3,15,7,1,1,1,0,8,1,1,0,18,0,2,7,1,13,0,0,16,2,1,5,4,0,0,65,64,69,67,50,38
333,Jack Supple,Shepparton United,5,250,67,41,26,24,16,6,9,2,0,11,13,12,0,1,0,20,3,17,1,0,16,0,0,0,3,3,6,1,5,0,9,0,3,9,2,25,4,0,1,3,1,9,2,0,100,67,59,81,67,50,50
335,Cameron Valentine,Echuca,3,243,39,28,11,11,21,1,2,0,0,9,19,5,0,0,0,4,2,2,0,4,17,10,0,0,1,0,7,2,1,0,13,0,1,4,1,9,0,0,11,2,1,1,3,0,0,79,71,100,50,100,86
336,William Christopher,Mansfield,7,242,35,23,12,17,8,3,1,0,0,2,25,22,0,0,0,10,4,6,0,1,7,8,0,0,2,1,9,4,4,0,21,0,5,8,1,38,1,3,17,0,0,3,19,0,0,46,22,92,0,0,22
337,Lincoln D'Augello,Tatura,12,242,71,46,25,21,19,4,7,1,2,10,11,11,0,0,0,17,4,13,2,0,19,1,0,0,3,1,8,3,7,0,31,0,0,17,5,50,19,1,6,4,1,10,0,2,33,52,41,72,57,50,63
338,Riley Gallivan,Kyabram,8,239,47,33,14,17,16,2,10,4,4,16,8,9,1,0,0,13,2,11,1,2,14,2,5,1,0,1,2,2,1,0,14,0,0,5,5,30,6,0,5,2,4,5,0,1,50,60,55,71,40,50,100
339,Ben Reardon,Mansfield,3,238,58,38,20,16,16,5,4,2,2,11,9,8,0,0,0,11,5,6,1,3,13,1,3,0,3,2,7,4,3,0,5,0,0,6,2,17,2,0,1,2,2,5,1,1,50,62,55,75,50,60,29
340,Echuca 24,Echuca,4,237,49,30,19,18,16,0,4,1,1,7,16,7,0,9,2,15,6,9,5,2,14,3,1,0,0,0,6,1,4,1,15,0,2,6,3,18,2,2,9,1,1,2,4,0,50,78,67,95,50,0,67
341,Rielly Old,Seymour,8,237,40,19,21,23,9,6,6,0,1,6,9,35,0,0,0,10,5,5,1,3,6,2,1,1,5,0,2,5,7,0,7,0,0,2,5,55,4,0,2,1,8,23,4,1,0,65,58,71,33,67,50
342,Christian Corso,Tatura,5,237,56,23,33,21,17,2,1,0,0,4,20,9,0,0,0,19,3,16,0,0,17,2,0,0,0,2,3,2,3,0,13,0,1,5,0,25,8,0,3,2,0,4,5,0,0,84,70,94,100,50,67
343,Nash Ramage,Rochester,4,236,39,10,29,17,10,2,3,0,0,7,9,7,0,62,17,9,5,4,0,4,6,3,0,1,1,0,6,2,1,0,11,0,1,4,2,15,2,1,5,3,0,6,1,1,0,74,50,83,0,100,50
344,Maxwell Miller,Euroa,8,231,36,17,19,17,7,4,2,0,0,1,19,16,0,1,0,13,4,9,0,1,6,5,0,0,3,1,5,4,3,0,21,0,1,3,1,44,6,2,7,3,1,8,7,0,0,64,41,84,0,75,20
345,Lincoln Brand,Shepparton Bears,3,231,59,35,24,26,15,7,12,2,3,14,6,6,1,1,1,18,8,10,1,1,14,0,2,3,3,1,3,4,3,0,0,0,0,9,4,14,0,0,0,0,0,5,1,1,40,64,57,75,33,57,100
346,Rory Sammon,Benalla,6,224,55,23,32,27,8,2,5,2,1,7,16,8,0,0,0,18,6,12,0,2,6,2,2,0,1,1,4,4,6,0,5,0,3,3,2,23,3,0,2,0,1,4,3,0,66,69,52,81,40,100,50
347,Cody Walker,Echuca,2,222,46,27,19,31,8,10,10,1,2,12,8,13,0,0,0,23,7,16,0,2,6,1,0,3,4,3,2,3,4,0,2,0,0,7,1,18,1,1,0,0,2,10,1,1,33,72,67,79,80,60,100
348,Jhett Cooper,Shepparton Bears,4,221,49,31,18,14,18,1,1,2,0,9,13,5,1,0,0,8,2,6,2,3,15,1,3,0,0,1,5,2,1,0,7,0,0,5,0,17,4,0,1,1,0,4,1,2,100,78,71,89,100,100,40
349,Noah Brodie,Shepparton Bears,5,221,50,26,24,19,11,2,11,1,2,8,14,10,0,0,0,16,2,14,1,1,10,2,0,0,1,1,2,1,3,0,16,0,1,6,4,31,5,1,6,4,6,3,1,3,33,60,50,71,45,100,100
350,Cooper Fawcett,Kyabram,5,215,51,37,14,20,10,7,12,1,0,12,12,11,1,0,0,15,4,11,1,1,9,2,0,1,3,3,2,2,3,0,6,0,0,6,5,22,4,0,0,2,6,4,1,3,100,63,54,86,58,29,50
351,Ben Railton,Kyabram,5,204,46,24,22,17,13,1,1,0,0,8,17,18,0,0,0,13,5,8,2,0,13,2,0,0,1,0,4,3,9,0,6,0,2,4,0,34,5,1,0,0,2,12,4,1,0,85,79,91,100,0,50
352,Jayden Armstrong,Tatura,7,193,46,29,17,25,14,0,7,2,4,11,9,5,0,0,0,17,5,12,0,3,11,2,3,0,0,0,0,5,1,0,3,0,0,3,5,12,2,0,1,0,2,3,0,2,33,52,52,53,29,0,0
353,Ciaran Hubble,Tatura,5,187,39,23,16,9,15,1,0,0,0,2,9,4,0,0,0,7,2,5,0,0,15,4,0,0,1,0,6,0,0,0,14,0,2,6,0,15,1,4,9,0,0,2,2,0,0,69,70,69,0,0,50
354,Stuart Horner,Shepparton United,1,186,42,21,21,16,12,11,5,0,0,9,6,5,0,0,0,13,4,9,0,0,12,1,0,3,4,4,2,0,0,0,2,0,0,2,1,7,1,1,0,0,0,3,2,1,0,76,67,86,20,55,100
355,Dublin Anderson,Benalla,6,185,50,19,31,21,10,3,3,0,0,3,15,2,0,0,0,16,4,12,0,3,7,4,2,0,2,1,6,1,1,0,7,0,1,6,4,23,7,0,0,0,0,2,0,1,0,68,47,81,100,33,33
356,Kade James,Mooroopna,7,182,39,26,13,16,21,2,5,1,0,7,10,8,0,0,0,8,4,4,0,4,17,3,0,0,1,1,1,4,5,0,10,0,1,6,1,19,6,0,2,1,1,6,1,0,100,72,65,85,60,100,100
357,Jaxson McMinn,Echuca,5,178,48,32,16,17,11,2,3,0,0,8,10,10,0,0,0,12,1,11,2,1,10,3,0,0,1,1,11,1,5,1,10,0,1,12,2,18,4,0,3,2,0,8,2,1,0,65,59,75,33,0,45
358,Blake Sofra,Shepparton United,4,178,44,23,21,24,9,5,6,1,3,12,5,8,0,0,0,20,2,18,0,0,9,0,3,0,4,1,1,3,2,0,6,0,0,6,4,21,4,1,1,0,5,3,0,4,25,57,48,67,33,80,100
359,Thomas Corso,Tatura,6,173,42,20,22,19,6,4,3,0,1,2,11,9,0,0,0,13,1,12,1,0,6,0,1,0,1,3,7,4,2,0,10,0,1,3,2,29,8,0,1,1,1,6,2,0,0,62,50,73,33,25,43
360,Jackson Mansfield,Seymour,5,169,32,23,9,7,16,0,7,2,2,6,6,3,0,0,0,3,2,1,0,3,13,2,4,0,0,0,5,1,1,0,9,0,0,3,1,10,3,1,5,0,2,1,0,1,50,53,52,56,29,0,80
361,Hugh Bailey,Euroa,5,159,21,10,11,13,2,8,1,0,0,2,3,8,0,77,19,5,0,5,0,1,1,0,0,3,5,0,0,4,2,0,6,0,0,5,1,10,0,0,0,4,0,5,3,0,0,52,10,91,0,25,0
362,Noah Ryan,Kyabram,4,158,40,22,18,11,14,1,6,0,3,14,0,8,0,0,0,4,2,2,1,3,11,0,1,0,1,0,3,2,2,0,4,0,0,3,1,17,4,0,0,0,3,5,0,3,0,73,64,83,83,0,100
363,Dirk Koenen,Mansfield,2,154,21,12,9,11,9,0,1,0,0,2,14,10,0,0,0,5,4,1,0,2,7,6,0,0,0,0,4,3,1,1,10,0,1,3,1,13,0,0,8,2,0,8,2,0,0,71,67,78,0,0,75
364,Hamish Heine,Rochester,2,149,38,27,11,14,10,4,8,3,3,14,3,3,0,0,0,9,2,7,0,1,9,0,2,0,3,1,0,3,3,0,2,0,0,2,8,7,0,2,0,0,1,2,0,3,50,61,63,55,63,25,0
365,Ned Byrne,Shepparton Bears,3,145,41,20,21,22,9,3,4,0,1,4,9,12,0,0,0,19,1,18,2,2,7,0,0,0,1,2,2,1,7,0,0,0,3,5,3,17,0,0,0,0,3,5,4,2,0,66,65,67,75,33,0
366,Patrick McCarthy,Tatura,2,144,42,28,14,5,10,1,5,0,1,7,8,5,0,0,0,3,0,3,1,0,10,2,0,0,1,0,6,1,2,0,4,0,1,7,0,11,1,0,2,1,0,2,3,0,0,67,54,93,80,0,33
367,Jayden Gagliardi,Shepparton Bears,3,142,25,17,8,12,9,1,9,2,0,7,7,6,1,0,0,6,3,3,0,2,7,2,2,0,0,1,0,3,2,0,7,0,0,0,6,14,2,1,2,2,2,4,0,2,100,64,59,75,44,100,0
368,Jayedon Hexter,Shepparton United,4,141,24,17,7,14,10,1,2,4,2,8,2,8,0,0,0,4,0,4,0,4,6,0,7,0,1,0,0,5,4,0,7,0,0,2,3,18,4,0,1,1,4,4,0,1,66,58,53,71,50,100,0
369,Taj Woewodin,Mansfield,1,139,30,14,16,12,7,6,7,0,2,9,4,9,2,0,0,6,4,2,1,0,7,1,0,1,2,3,0,3,3,0,1,0,0,1,2,10,1,0,0,0,3,5,1,1,0,67,50,81,43,83,0
370,Andrew Thomson,Mansfield,4,134,32,21,11,13,6,0,1,1,0,4,11,5,0,0,0,10,1,9,3,0,6,0,0,0,0,0,3,0,3,0,7,0,1,2,0,11,1,0,4,0,0,3,2,0,100,78,76,82,0,0,100
371,Max Bicknell,Shepparton Swans,4,134,19,12,7,8,9,4,2,1,2,7,2,2,0,31,11,4,1,3,0,1,8,1,3,0,2,2,2,1,0,0,1,0,0,1,1,7,0,0,0,1,1,0,1,0,33,68,58,86,50,75,50
372,Jed Dargan,Echuca,4,131,29,20,9,16,5,0,4,0,0,5,6,8,0,0,0,8,4,4,0,1,4,1,0,0,0,0,2,6,2,0,15,0,0,5,5,18,6,0,7,1,2,4,2,0,0,69,70,67,50,0,50
373,Coby Dunlop,Rochester,2,128,33,15,18,14,7,1,3,0,0,1,13,7,0,0,0,12,4,8,0,1,6,2,0,0,1,0,6,0,2,0,6,0,2,6,3,14,3,1,2,0,0,5,2,0,0,64,53,72,0,100,83
374,Nicholas Davey,Seymour,3,128,28,22,6,9,8,2,3,1,1,8,3,5,0,0,0,6,2,4,1,0,8,0,1,0,1,1,2,1,2,0,5,0,0,1,0,16,3,0,1,1,1,4,0,0,50,75,73,83,33,0,100
375,Cole Freeman,Tatura,5,125,34,26,8,9,12,1,5,1,0,3,4,7,0,0,0,8,3,5,0,0,12,1,0,0,0,1,6,3,4,0,7,0,2,5,3,28,6,0,0,1,1,3,3,1,100,56,54,63,0,100,50
376,Nate Warrin,Shepparton United,3,124,19,13,6,10,8,1,5,2,2,10,3,7,0,0,0,6,1,5,0,3,5,0,4,0,1,0,2,0,2,0,6,0,1,0,1,15,4,1,0,1,3,2,2,1,50,68,54,100,40,100,50
377,Liam Adams,Mooroopna,4,122,31,20,11,11,13,2,4,2,2,12,3,4,0,0,0,7,1,6,0,1,12,1,6,0,0,2,0,3,3,0,0,0,0,5,4,4,0,0,0,0,1,3,0,3,50,61,50,82,50,100,0
378,Logan Orr,Echuca,3,121,34,18,16,12,7,0,7,1,0,5,7,8,0,0,0,9,3,6,3,1,6,1,1,0,0,0,0,0,1,0,3,0,0,4,5,15,1,0,1,1,2,4,2,2,100,65,56,75,57,0,0
379,Jack Davey,Seymour,5,121,25,13,12,12,6,1,1,0,1,5,10,11,0,0,0,7,1,6,0,1,5,1,1,0,1,0,3,3,2,0,7,0,0,5,2,20,2,1,4,0,1,6,4,0,0,60,38,83,100,100,33
380,Campbell Flanagan,Shepparton Swans,3,120,29,15,14,14,6,1,7,0,1,5,8,8,0,0,0,12,3,9,1,1,5,1,1,0,0,1,2,1,1,0,2,0,0,5,3,14,0,0,2,0,1,7,0,0,0,55,60,50,71,0,50
381,Bailey Archer,Tatura,3,117,26,12,14,8,10,2,2,0,0,1,6,5,0,0,0,7,2,5,0,0,10,1,0,0,0,2,2,0,0,0,4,0,1,1,0,13,1,0,1,1,0,2,3,0,0,69,42,93,0,50,0
382,Jack Mellington,Shepparton Bears,2,114,29,19,10,6,14,0,5,0,0,4,2,5,1,0,0,6,3,3,1,0,14,1,0,0,0,0,2,0,3,0,2,0,0,4,1,14,1,0,1,0,1,4,0,2,0,76,84,60,60,0,100
383,Jake Cirillo,Shepparton Swans,4,114,28,10,18,15,5,5,2,0,0,2,4,11,0,0,0,12,3,9,0,2,3,0,0,0,2,3,3,1,1,0,5,0,0,4,1,20,1,0,0,3,1,8,2,0,0,50,40,56,0,40,67
384,Connor Hayes,Shepparton United,4,113,31,16,15,13,8,0,2,0,0,4,8,3,0,0,0,8,4,4,0,2,6,2,1,0,0,0,3,2,0,0,2,0,0,4,2,5,0,1,1,0,0,2,1,0,0,55,50,60,50,0,0
385,Ben Butts,Mooroopna,3,111,22,18,4,7,8,0,4,1,1,3,7,3,0,0,0,4,1,3,0,1,7,1,1,0,0,0,4,2,2,0,3,0,0,2,2,8,0,0,1,1,0,1,2,0,50,64,61,75,25,0,75
386,Ethan Howard,Rochester,3,110,26,17,9,8,7,1,2,1,1,10,3,7,0,0,0,4,1,3,0,1,6,0,0,0,1,0,0,3,0,0,6,0,0,4,1,18,4,0,2,0,3,4,0,1,50,69,59,89,50,100,0
387,Tom Sullivan,Tatura,1,110,26,16,10,14,4,9,4,0,1,3,3,5,0,2,0,6,4,2,0,1,3,0,0,3,4,2,2,2,2,0,0,0,0,2,3,7,0,0,0,0,1,2,2,0,0,69,69,70,25,67,100
388,Caleb Aitken,Mooroopna,6,109,27,10,17,14,7,1,1,0,0,5,10,5,0,11,1,13,2,11,0,1,6,1,0,0,1,0,3,0,3,0,6,0,0,8,1,17,2,0,4,0,0,3,2,0,0,67,50,76,0,100,0
389,Kyabram 20,Kyabram,2,105,19,12,7,8,7,0,5,2,0,5,3,1,0,1,1,6,1,5,1,0,7,0,1,0,0,0,2,2,1,0,6,0,0,1,2,11,3,2,1,0,1,0,0,2,100,74,75,71,80,0,100
390,James Martin,Benalla,3,100,26,15,11,12,6,1,5,1,0,10,2,7,0,0,0,7,2,5,0,1,5,0,2,0,1,0,1,3,1,0,4,0,0,4,5,14,4,0,0,0,2,5,0,3,100,54,40,73,40,0,0
391,Hugh Kerlin,Rochester,4,99,23,12,11,6,8,0,2,0,0,3,7,7,0,0,0,5,1,4,1,1,7,2,1,0,0,0,2,0,3,0,6,0,1,3,1,11,1,0,5,0,0,5,2,1,0,48,42,55,0,0,100
392,Connor Armstrong,Echuca,2,97,13,10,3,2,9,0,0,0,0,1,6,2,0,0,0,2,0,2,0,0,9,4,0,0,0,0,2,0,0,0,8,0,0,2,0,8,0,0,7,1,0,1,1,0,0,85,80,100,0,0,50
393,Harry Kelly,Seymour,2,96,20,9,11,11,3,1,3,1,0,8,3,5,0,0,0,6,2,4,1,0,3,0,1,0,0,1,0,4,0,0,6,0,0,1,3,20,5,1,0,0,2,3,0,2,100,60,67,55,33,100,0
394,Ryan Skinner,Tatura,5,96,28,17,11,11,11,3,0,1,0,2,5,4,0,0,0,8,2,6,1,0,11,0,1,1,1,1,2,1,3,0,5,0,1,7,0,11,4,0,1,0,2,2,0,0,100,64,65,64,0,67,100
395,Nathan Ferrier,Shepparton United,2,95,24,16,8,6,12,0,1,1,0,4,6,0,0,0,0,5,0,5,1,0,12,0,1,0,0,0,2,0,2,0,0,0,0,2,0,1,0,0,0,0,0,0,0,0,100,79,81,75,0,0,50
396,Declan Redfern,Euroa,5,94,27,21,6,10,6,1,5,0,6,9,3,5,0,0,0,6,1,5,0,3,3,1,3,0,1,0,2,0,2,2,3,0,1,3,3,18,1,0,2,0,1,3,1,0,0,44,29,100,40,100,50
397,Jack Peris,Seymour,1,92,16,13,3,7,8,1,2,2,0,5,2,2,4,0,0,4,2,2,0,2,6,1,1,0,0,1,0,2,1,0,1,0,0,1,2,6,1,0,0,0,0,2,0,2,100,88,92,67,100,0,0
398,Jack Nation,Mansfield,3,91,25,14,11,17,5,1,2,0,1,4,3,9,0,0,0,11,4,7,0,4,1,0,1,0,1,0,0,1,4,0,3,0,0,1,7,18,1,0,1,1,4,4,1,0,0,56,36,82,0,100,0
399,Joshua Reid,Tatura,3,91,16,8,8,7,4,0,0,0,0,1,9,1,1,0,0,7,1,6,0,0,4,1,0,0,0,0,4,0,0,0,5,0,1,1,0,4,0,0,5,0,0,0,1,0,0,88,75,100,0,0,50
400,Mitchell Grumley,Shepparton Swans,1,89,21,12,9,12,4,6,5,0,0,5,3,4,1,0,0,6,2,4,1,1,3,0,1,2,3,1,2,3,3,0,2,0,0,5,2,12,0,2,0,0,0,3,1,1,0,71,58,89,60,67,50
401,Ben Christopher,Mansfield,1,86,11,8,3,5,6,1,1,2,4,8,1,3,0,11,1,3,0,3,0,1,5,1,5,0,1,0,0,1,3,0,1,0,0,0,0,6,0,1,0,0,1,2,0,2,33,45,25,100,0,0,0
402,Hayden Desmond,Mansfield,4,84,17,6,11,10,4,3,3,0,3,6,3,8,0,0,0,8,4,4,0,0,4,1,1,0,0,3,0,0,1,0,7,0,0,3,2,15,1,1,2,1,5,2,1,0,0,41,0,64,33,67,0
403,Baxter Cowley,Echuca,2,83,22,15,7,7,7,1,5,1,2,9,1,3,0,0,0,4,1,3,1,0,7,0,0,0,1,0,2,0,2,0,5,0,0,3,3,11,1,1,2,0,1,2,0,1,33,50,40,71,20,0,50
404,Jimmy Holding,Shepparton United,1,81,16,11,5,5,7,2,4,1,0,3,3,3,0,0,0,1,1,0,0,2,5,3,0,0,1,1,2,1,1,0,1,0,0,0,4,4,0,0,0,0,0,3,0,0,100,56,64,40,25,0,50
405,Zane Chalcraft,Shepparton United,4,80,18,8,10,8,1,2,5,1,1,3,1,10,0,0,0,7,4,3,0,0,1,0,0,0,2,0,0,1,0,0,4,0,0,3,2,18,4,0,0,0,2,8,0,0,50,61,63,60,60,50,0
406,Cameron Johns,Tatura,1,80,20,13,7,9,4,0,1,1,0,2,5,3,0,0,0,5,1,4,1,3,1,0,1,0,0,0,7,0,2,5,6,0,3,4,0,8,2,1,2,0,1,2,0,0,100,65,62,71,100,0,71
407,Danny Miller,Kyabram,3,79,21,10,11,9,4,0,5,0,0,4,4,5,0,0,0,5,3,2,1,3,1,1,0,0,0,0,0,1,2,0,3,0,0,1,3,13,3,0,0,0,1,3,1,0,0,62,40,82,0,0,0
408,Cameron Osmond,Seymour,3,78,13,8,5,5,7,0,0,1,0,4,1,9,0,0,0,3,3,0,0,1,6,1,4,0,0,0,1,0,0,0,3,0,0,3,1,14,1,0,1,1,5,4,0,0,100,46,38,60,0,0,0
409,Lachie Watson,Echuca,1,76,12,6,6,9,1,5,3,0,0,2,3,5,0,16,3,1,1,0,0,1,0,1,0,4,1,0,0,3,1,0,5,0,0,3,1,11,1,0,1,3,0,5,0,0,0,50,17,83,33,20,0
410,Adam Boshevski,Mansfield,1,76,12,9,3,2,6,0,2,0,0,1,7,3,0,0,0,1,1,0,0,0,6,3,0,0,0,0,1,1,1,0,3,0,0,0,0,3,0,0,2,0,0,2,1,0,0,75,67,100,50,0,100
411,Mitchell Gugliotti,Kyabram,2,74,19,9,10,10,3,1,4,0,0,2,2,8,0,0,0,8,3,5,0,0,3,1,1,0,1,0,0,1,0,0,3,0,0,2,3,15,2,0,1,0,3,5,0,0,0,53,22,80,0,100,0
412,Kade Thomas,Shepparton Swans,4,73,21,18,3,7,8,4,4,0,0,5,2,5,0,0,0,6,2,4,0,0,8,1,1,0,3,1,2,1,5,0,0,0,1,3,3,10,0,0,0,0,1,4,0,2,0,57,50,100,50,25,0
413,Jaidyn Chee,Benalla,2,71,11,7,4,7,3,0,1,1,0,5,3,4,0,0,0,3,1,2,0,1,2,1,1,0,0,0,0,3,1,0,2,0,0,1,1,12,2,0,0,0,2,2,0,2,100,91,100,75,100,0,0
414,Tim Wilson,Tatura,2,71,8,3,5,5,3,2,1,1,0,2,1,4,0,13,3,2,1,1,0,0,3,1,0,1,1,0,1,2,1,0,1,0,0,0,0,10,0,0,1,0,1,2,1,0,100,100,100,100,100,100,100
415,Tyler Carter,Tatura,1,68,6,6,0,4,2,2,0,3,2,7,1,4,0,2,0,0,0,0,0,1,1,0,2,0,1,1,0,3,0,0,2,0,0,0,0,6,2,0,0,0,4,0,0,0,60,50,50,0,0,50,0
416,Alex Macrae,Mooroopna,4,66,18,11,7,5,3,0,4,1,0,6,3,5,0,0,0,5,3,2,0,0,3,0,2,0,0,0,0,0,3,0,4,0,1,2,3,14,1,1,1,1,2,3,0,2,100,61,55,71,50,0,0
417,Fraser McElhinney,Mooroopna,3,66,15,8,7,11,6,1,5,0,0,5,3,2,0,1,0,6,1,5,1,2,4,0,0,0,0,1,0,2,3,0,3,0,0,1,2,7,3,0,0,0,0,2,0,1,0,73,63,86,80,100,0
418,Cale James,Rochester,2,66,12,6,6,4,4,1,1,0,2,6,1,6,0,0,0,4,4,0,0,0,4,0,1,0,1,0,0,0,1,0,4,0,0,0,2,14,2,0,2,0,3,3,0,2,0,58,50,67,0,100,0
419,Harry Purcell,Mansfield,3,62,12,9,3,5,5,0,2,1,0,4,4,3,0,0,0,3,1,2,0,1,4,2,2,0,0,0,1,1,2,0,2,0,1,2,0,10,1,1,0,0,2,1,0,0,100,58,56,67,50,0,100
420,Mitchell Pentony,Mansfield,2,61,14,9,5,4,5,0,0,0,0,2,3,4,0,0,0,2,0,2,0,1,4,1,0,0,0,0,2,1,2,0,4,0,0,3,0,6,1,0,3,0,0,1,3,0,0,71,56,100,0,0,0
421,Kaleb Gilmour,Shepparton Bears,1,59,12,6,6,5,5,0,2,1,0,1,4,2,0,0,0,5,2,3,0,0,5,0,1,0,0,0,1,0,1,0,5,0,0,2,1,7,3,0,2,0,0,2,0,0,100,58,67,50,0,0,100
422,Logan Hyland,Benalla,1,58,12,6,6,3,3,1,0,0,0,0,6,2,0,0,0,0,0,0,0,1,2,2,0,0,0,1,2,1,0,0,2,0,2,0,0,3,0,0,2,0,0,0,2,0,0,50,50,50,0,0,100
423,Harrison Mills,Euroa,3,56,16,7,9,5,5,1,4,0,0,1,1,1,0,0,0,3,0,3,0,0,5,0,0,0,0,1,0,0,0,0,2,0,0,0,2,12,2,0,0,0,0,1,0,1,0,50,43,56,0,100,0
424,,Euroa,1,53,9,2,7,7,0,1,0,0,0,1,5,4,0,0,0,5,2,3,0,0,0,0,0,0,0,1,1,2,0,0,2,0,0,0,0,5,1,0,0,1,0,2,2,0,0,100,100,100,0,100,100
425,Kallyun Sanders,Shepparton United,3,52,14,8,6,5,9,1,1,0,0,3,2,3,0,0,0,3,0,3,0,1,8,0,1,0,0,1,0,1,1,0,3,0,0,4,0,8,3,0,0,0,1,2,0,0,0,64,63,67,0,100,0
426,Daniel Maher,Tatura,3,52,13,5,8,4,6,1,1,0,0,2,4,5,0,0,0,3,1,2,0,0,6,0,0,0,1,0,1,1,4,0,3,0,0,2,1,12,1,0,2,0,0,3,2,0,0,62,40,75,0,100,100
427,James Herridge,Mansfield,1,51,9,5,4,2,1,1,2,0,1,3,3,4,0,0,0,2,0,2,1,0,1,1,0,0,0,1,1,0,0,0,0,0,0,0,0,7,0,0,0,0,0,3,1,0,0,78,60,100,0,0,100
428,Izaak Rossignuolo,Shepparton Swans,2,51,10,7,3,3,2,0,3,1,0,3,2,3,0,0,0,2,2,0,1,0,2,1,0,0,0,0,0,0,1,0,2,0,0,2,0,5,1,0,0,0,2,1,0,1,100,70,57,100,33,0,0
430,Benalla 15,Benalla,1,47,9,7,2,3,2,0,1,0,0,0,2,1,0,0,0,2,1,1,0,1,1,0,0,0,0,0,6,0,0,2,3,0,0,1,0,3,1,1,1,0,0,0,1,0,0,67,57,100,100,0,67
431,Connor Breheny,Benalla,1,47,9,7,2,2,6,0,2,0,1,2,1,1,0,0,0,0,0,0,0,1,5,0,1,0,0,0,2,1,0,0,1,0,0,1,0,5,1,0,0,0,0,1,0,1,0,67,57,100,50,0,50
432,Josh Hart,Benalla,1,47,8,5,3,8,1,1,1,1,0,2,2,2,0,0,0,6,2,4,0,0,1,0,1,0,1,0,0,2,0,0,1,0,0,0,0,4,0,0,0,1,0,2,0,0,100,50,40,67,0,100,0
433,Joshua Robertson,Euroa,2,47,13,7,6,6,4,1,2,0,0,2,2,3,0,0,0,4,3,1,0,1,3,0,0,0,0,1,0,0,1,0,0,0,0,0,2,4,0,0,0,0,0,3,0,0,0,62,57,67,50,100,0
434,Nate Yze,Shepparton United,1,47,8,4,4,5,1,0,2,1,1,3,1,4,0,0,0,1,0,1,0,1,0,0,1,0,0,0,0,1,0,0,0,0,0,0,1,4,0,0,0,0,1,2,1,0,50,63,50,75,50,0,0
435,Ben Gilberto,Shepparton Swans,2,46,7,7,0,3,3,3,5,0,0,1,0,5,0,16,3,1,1,0,0,0,3,0,0,0,3,0,0,1,0,0,4,0,0,1,4,8,1,0,0,3,1,4,0,0,0,14,14,0,0,0,0
436,Chaz Pucko,Shepparton Swans,2,44,8,5,3,4,2,2,1,0,0,3,1,2,0,35,5,3,1,2,0,0,2,0,0,0,0,2,0,1,3,0,1,0,0,3,0,3,0,0,0,1,0,2,0,1,0,63,60,67,100,50,0
437,Solly Fleming,Echuca,1,42,10,9,1,1,5,0,1,0,0,3,1,1,0,0,0,1,0,1,0,0,5,0,0,0,0,0,2,0,0,2,1,0,0,1,0,3,0,0,0,1,0,0,1,0,0,90,89,100,100,0,100
438,Tom Wallis,Euroa,1,42,13,5,8,8,1,3,2,0,0,1,2,2,0,0,0,6,2,4,1,0,1,0,0,0,2,1,1,1,2,0,0,0,1,3,0,2,0,0,0,0,0,1,1,1,0,62,40,75,50,0,0
439,Zaydan Leocata,Shepparton Bears,2,42,11,8,3,1,4,0,2,0,0,1,3,2,0,0,0,1,0,1,0,0,4,0,0,0,0,0,3,0,1,0,3,0,0,3,0,5,1,0,1,1,0,2,0,0,0,73,75,67,50,0,100
440,Ollie Day,Euroa,1,41,8,4,4,5,2,0,2,1,0,2,2,4,0,0,0,2,1,1,0,0,2,0,0,0,0,0,0,2,0,0,0,0,0,2,0,7,0,0,0,0,2,2,0,0,100,75,75,75,100,0,0
441,Darby Martin,Rochester,1,39,8,4,4,4,1,0,0,0,0,3,3,2,0,0,0,3,0,3,1,0,1,0,0,0,0,0,0,1,0,0,1,0,0,0,0,4,0,0,0,0,0,2,0,0,0,100,100,100,0,0,0
442,Braedan Meka,Shepparton Swans,2,39,9,4,5,5,3,0,1,0,0,2,3,3,0,0,0,2,1,1,0,2,1,0,0,0,0,0,0,1,1,0,0,0,0,1,0,5,0,0,0,0,0,2,1,0,0,56,25,80,0,0,0
443,Lucas O'Hara,Shepparton United,1,38,9,7,2,2,3,0,3,0,0,2,1,1,0,0,0,1,0,1,0,1,2,0,0,0,0,0,0,0,0,0,1,0,0,0,1,5,1,0,0,0,0,1,0,1,0,67,57,100,33,0,0
444,Lachlan Curran,Euroa,2,37,5,0,5,1,0,1,0,0,0,1,0,3,0,13,4,0,0,0,0,0,0,0,0,0,0,1,0,1,1,0,1,0,0,1,0,3,0,0,1,0,0,0,3,0,0,100,0,100,0,100,0
445,Ash Quinn,Kyabram,2,37,8,5,3,3,3,0,2,1,0,4,0,1,0,0,0,2,1,1,0,0,3,0,0,0,0,0,0,0,0,0,1,0,0,0,1,2,0,0,0,1,0,1,0,1,100,88,80,100,0,0,0
446,Mick Mattingly,Kyabram,1,37,10,6,4,3,3,0,2,0,1,5,0,0,0,0,0,3,1,2,0,0,3,0,0,0,0,0,0,0,1,0,1,0,0,0,0,1,0,0,0,0,0,0,0,1,0,70,50,100,100,0,0
447,Max Smyth,Benalla,1,36,6,4,2,2,2,2,2,1,0,3,1,1,0,0,0,2,1,1,0,0,2,0,1,0,0,2,0,0,1,0,1,0,0,0,0,3,0,0,0,1,1,0,0,0,100,50,25,100,50,50,0
448,Lachlan Beattie,Seymour,1,36,8,2,6,2,1,0,0,0,0,2,2,1,0,0,0,2,1,1,0,0,1,0,0,0,0,0,0,0,0,0,3,0,0,0,0,1,0,0,3,0,0,0,1,0,0,100,100,100,0,0,0
449,Jack Smith,Euroa,1,35,2,1,1,2,0,1,0,0,0,0,0,3,0,11,4,1,1,0,0,0,0,0,0,0,1,0,1,1,1,0,2,0,0,0,0,4,1,0,1,0,0,2,1,0,0,100,100,100,0,100,100
450,Tanner Miller,Tatura,1,35,9,4,5,2,2,1,1,0,0,2,1,1,0,0,0,2,1,1,0,0,2,0,1,0,0,1,0,0,0,0,2,0,0,0,1,12,1,0,0,1,0,1,0,0,0,67,25,100,0,100,0
451,Archer Hueston,Shepparton Bears,1,34,8,5,3,1,2,0,1,3,0,5,0,0,0,0,0,1,0,1,0,0,2,0,1,0,0,0,0,0,1,0,0,0,0,2,1,3,0,0,0,0,0,0,0,0,100,75,60,100,0,0,0
452,William Jackson,Euroa,2,33,9,4,5,3,1,2,1,0,0,2,1,0,0,0,0,3,1,2,1,0,1,0,0,1,1,0,0,0,1,0,3,0,0,0,0,5,3,0,0,0,0,0,0,0,0,89,75,100,0,100,0
453,Ryan Storer,Benalla,1,32,8,5,3,1,3,0,0,0,0,0,2,4,0,0,0,1,0,1,0,0,3,0,0,0,0,0,1,0,1,0,2,0,0,1,0,9,1,0,0,1,0,2,2,0,0,63,60,67,0,0,100
454,James Wooster,Seymour,1,32,6,3,3,5,0,2,1,0,0,1,2,1,0,0,0,3,2,1,0,0,0,0,0,0,1,1,1,2,1,0,3,0,0,2,0,9,1,0,2,0,1,0,0,0,0,33,33,33,0,50,0
455,Lachie Hanson,Rochester,2,29,5,3,2,2,2,0,1,0,0,1,2,3,0,0,0,1,0,1,0,0,2,1,0,0,0,0,0,0,0,0,0,0,0,0,0,4,0,0,0,0,1,2,0,0,0,80,67,100,0,0,0
456,Cooper Woods,Benalla,1,28,6,1,5,5,0,1,0,0,0,0,1,1,0,0,0,4,0,4,0,0,0,0,0,0,1,0,0,1,0,0,0,0,0,0,0,3,0,0,0,0,0,0,1,0,0,100,100,100,0,100,0
457,Ben Jeffery,Shepparton Swans,2,27,5,5,0,2,1,1,0,0,0,0,1,0,0,0,0,2,0,2,0,0,1,0,0,0,1,0,4,1,1,0,4,0,0,2,0,1,0,0,2,2,0,0,0,0,0,60,60,0,0,100,75
458,SS 16,Shepparton Swans,1,27,7,5,2,1,3,2,0,0,0,0,1,0,1,0,0,1,0,1,0,0,3,0,0,0,2,0,1,0,0,1,0,0,0,0,0,1,0,0,0,0,0,0,0,0,0,71,60,100,0,0,100
459,Jack Radford,Seymour,1,24,5,3,2,5,0,2,0,1,0,1,0,2,0,1,0,3,1,2,0,0,0,0,0,0,1,1,0,1,0,0,0,0,0,0,2,2,0,0,0,0,1,1,0,0,100,40,33,50,0,50,0
460,Lucca Pena,Tatura,1,24,4,3,1,1,2,0,1,0,1,1,1,5,0,0,0,0,0,0,0,0,2,0,0,0,0,0,0,1,0,0,2,0,0,2,1,8,1,0,1,0,2,3,0,0,0,0,0,0,0,0,0
461,SS 2,Shepparton Swans,1,23,6,4,2,4,1,0,3,0,0,0,3,5,1,0,0,3,2,1,0,0,1,0,0,0,0,0,0,1,3,0,2,0,0,2,2,9,2,0,0,0,0,5,0,0,0,50,25,100,33,0,0
462,Callum Farquhar,Tatura,1,23,3,2,1,2,0,1,1,0,0,0,1,0,0,9,3,2,0,2,0,0,0,0,0,0,1,0,1,0,0,0,1,0,0,0,1,3,1,0,0,0,0,0,0,0,0,33,50,0,0,100,100
463,Angus Hart,Seymour,1,22,6,2,4,5,0,0,1,0,0,1,1,1,0,0,0,3,0,3,0,0,0,0,0,0,0,0,0,2,1,0,1,0,0,1,0,4,0,0,0,1,1,0,0,0,0,67,50,75,100,0,0
464,Harrison Foster,Rochester,1,20,2,1,1,0,1,0,0,0,1,3,0,4,0,0,0,0,0,0,0,0,1,0,1,0,0,0,0,0,0,0,1,0,0,0,0,5,0,0,0,1,1,3,0,1,0,50,0,100,0,0,0
465,Seymour 22,Seymour,1,20,5,5,0,0,1,0,2,0,0,1,1,3,0,0,0,0,0,0,0,0,1,0,0,0,0,0,1,0,0,0,0,0,0,0,1,4,0,0,0,0,0,3,0,0,0,40,40,0,0,0,100
466,Riley Angel,Mansfield,1,15,3,0,3,0,0,0,0,0,0,0,1,2,0,0,0,0,0,0,0,0,0,0,0,0,0,0,0,0,0,0,1,0,0,0,0,3,0,0,1,0,0,1,1,0,0,100,0,100,0,0,0
467,Kane Moroney,Rochester,1,14,4,3,1,1,0,0,0,0,0,0,1,1,0,0,0,1,0,1,0,0,0,0,0,0,0,0,0,0,1,0,1,0,0,0,0,4,0,0,0,0,0,1,0,0,0,75,67,100,0,0,0
468,Archer Hogan,Tatura,1,12,1,1,0,0,0,0,0,0,0,1,0,2,0,6,1,0,0,0,0,0,0,0,0,0,0,0,0,0,0,0,1,0,0,0,1,5,0,0,0,1,1,0,1,0,0,0,0,0,0,0,0
469,Connor Fallon,Shepparton Swans,1,4,3,0,3,2,0,0,0,0,0,1,0,1,0,0,0,2,1,1,0,0,0,0,0,0,0,0,0,0,1,0,1,0,0,1,1,1,0,0,1,0,0,1,0,0,0,67,0,67,0,0,0
470,,Benalla,0,0,0,0,0,0,0,0,0,0,0,0,0,0,0,0,0,0,0,0,0,0,0,0,0,0,0,0,0,0,0,0,0,0,0,0,0,0,0,0,0,0,0,0,0,0,0,0,0,0,0,0,0
471,Cameron Morgan,Echuca,0,0,0,0,0,0,0,0,0,0,0,0,0,0,0,0,0,0,0,0,0,0,0,0,0,0,0,0,0,0,0,0,0,0,0,0,0,0,0,0,0,0,0,0,0,0,0,0,0,0,0,0,0
472,Riley Murphy,Echuca,0,0,0,0,0,0,0,0,0,0,0,0,0,0,0,0,0,0,0,0,0,0,0,0,0,0,0,0,0,0,0,0,0,0,0,0,0,0,0,0,0,0,0,0,0,0,0,0,0,0,0,0,0
473,Euroa 29,Euroa,0,0,0,0,0,0,0,0,0,0,0,0,0,0,0,0,0,0,0,0,0,0,0,0,0,0,0,0,0,0,0,0,0,0,0,0,0,0,0,0,0,0,0,0,0,0,0,0,0,0,0,0,0
474,Kyabram 37,Kyabram,0,0,0,0,0,0,0,0,0,0,0,0,0,0,0,0,0,0,0,0,0,0,0,0,0,0,0,0,0,0,0,0,0,0,0,0,0,0,0,0,0,0,0,0,0,0,0,0,0,0,0,0,0
475,William Burnett,Kyabram,0,0,0,0,0,0,0,0,0,0,0,0,0,0,0,0,0,0,0,0,0,0,0,0,0,0,0,0,0,0,0,0,0,0,0,0,0,0,0,0,0,0,0,0,0,0,0,0,0,0,0,0,0
476,Ari Croxford-Demasi,Mansfield,0,0,0,0,0,0,0,0,0,0,0,0,0,0,0,0,0,0,0,0,0,0,0,0,0,0,0,0,0,0,0,0,0,0,0,0,0,0,0,0,0,0,0,0,0,0,0,0,0,0,0,0,0
477,Billy Dunstan,Mansfield,0,0,0,0,0,0,0,0,0,0,0,0,0,0,0,0,0,0,0,0,0,0,0,0,0,0,0,0,0,0,0,0,0,0,0,0,0,0,0,0,0,0,0,0,0,0,0,0,0,0,0,0,0
478,Cameron Arnold,Mansfield,0,0,0,0,0,0,0,0,0,0,0,0,0,0,0,0,0,0,0,0,0,0,0,0,0,0,0,0,0,0,0,0,0,0,0,0,0,0,0,0,0,0,0,0,0,0,0,0,0,0,0,0,0
479,Colby Croxford-Demasi,Mansfield,0,0,0,0,0,0,0,0,0,0,0,0,0,0,0,0,0,0,0,0,0,0,0,0,0,0,0,0,0,0,0,0,0,0,0,0,0,0,0,0,0,0,0,0,0,0,0,0,0,0,0,0,0
480,Daniel Jones,Mansfield,0,0,0,0,0,0,0,0,0,0,0,0,0,0,0,0,0,0,0,0,0,0,0,0,0,0,0,0,0,0,0,0,0,0,0,0,0,0,0,0,0,0,0,0,0,0,0,0,0,0,0,0,0
481,Daniel Leggett,Mansfield,0,0,0,0,0,0,0,0,0,0,0,0,0,0,0,0,0,0,0,0,0,0,0,0,0,0,0,0,0,0,0,0,0,0,0,0,0,0,0,0,0,0,0,0,0,0,0,0,0,0,0,0,0
482,Flynn Butterworth,Mansfield,0,0,0,0,0,0,0,0,0,0,0,0,0,0,0,0,0,0,0,0,0,0,0,0,0,0,0,0,0,0,0,0,0,0,0,0,0,0,0,0,0,0,0,0,0,0,0,0,0,0,0,0,0
483,Frazer Dale,Mansfield,0,0,0,0,0,0,0,0,0,0,0,0,0,0,0,0,0,0,0,0,0,0,0,0,0,0,0,0,0,0,0,0,0,0,0,0,0,0,0,0,0,0,0,0,0,0,0,0,0,0,0,0,0
484,Harrison Sier,Mansfield,0,0,0,0,0,0,0,0,0,0,0,0,0,0,0,0,0,0,0,0,0,0,0,0,0,0,0,0,0,0,0,0,0,0,0,0,0,0,0,0,0,0,0,0,0,0,0,0,0,0,0,0,0
485,Jack Hutchins,Mansfield,0,0,0,0,0,0,0,0,0,0,0,0,0,0,0,0,0,0,0,0,0,0,0,0,0,0,0,0,0,0,0,0,0,0,0,0,0,0,0,0,0,0,0,0,0,0,0,0,0,0,0,0,0
486,Jack Tomanovits,Mansfield,0,0,0,0,0,0,0,0,0,0,0,0,0,0,0,0,0,0,0,0,0,0,0,0,0,0,0,0,0,0,0,0,0,0,0,0,0,0,0,0,0,0,0,0,0,0,0,0,0,0,0,0,0
487,Jacob Howes,Mansfield,0,0,0,0,0,0,0,0,0,0,0,0,0,0,0,0,0,0,0,0,0,0,0,0,0,0,0,0,0,0,0,0,0,0,0,0,0,0,0,0,0,0,0,0,0,0,0,0,0,0,0,0,0
488,Jayme Rekers,Mansfield,0,0,0,0,0,0,0,0,0,0,0,0,0,0,0,0,0,0,0,0,0,0,0,0,0,0,0,0,0,0,0,0,0,0,0,0,0,0,0,0,0,0,0,0,0,0,0,0,0,0,0,0,0
489,Jim Herridge,Mansfield,0,0,0,0,0,0,0,0,0,0,0,0,0,0,0,0,0,0,0,0,0,0,0,0,0,0,0,0,0,0,0,0,0,0,0,0,0,0,0,0,0,0,0,0,0,0,0,0,0,0,0,0,0
490,Joel Sanford,Mansfield,0,0,0,0,0,0,0,0,0,0,0,0,0,0,0,0,0,0,0,0,0,0,0,0,0,0,0,0,0,0,0,0,0,0,0,0,0,0,0,0,0,0,0,0,0,0,0,0,0,0,0,0,0
491,Joshua Stefanutti,Mansfield,0,0,0,0,0,0,0,0,0,0,0,0,0,0,0,0,0,0,0,0,0,0,0,0,0,0,0,0,0,0,0,0,0,0,0,0,0,0,0,0,0,0,0,0,0,0,0,0,0,0,0,0,0
492,Lachie Christopher,Mansfield,0,0,0,0,0,0,0,0,0,0,0,0,0,0,0,0,0,0,0,0,0,0,0,0,0,0,0,0,0,0,0,0,0,0,0,0,0,0,0,0,0,0,0,0,0,0,0,0,0,0,0,0,0
493,Lachlan Murphy-Dale,Mansfield,0,0,0,0,0,0,0,0,0,0,0,0,0,0,0,0,0,0,0,0,0,0,0,0,0,0,0,0,0,0,0,0,0,0,0,0,0,0,0,0,0,0,0,0,0,0,0,0,0,0,0,0,0
494,Lachlan Ritchie,Mansfield,0,0,0,0,0,0,0,0,0,0,0,0,0,0,0,0,0,0,0,0,0,0,0,0,0,0,0,0,0,0,0,0,0,0,0,0,0,0,0,0,0,0,0,0,0,0,0,0,0,0,0,0,0
495,Luke Vanderfeen,Mansfield,0,0,0,0,0,0,0,0,0,0,0,0,0,0,0,0,0,0,0,0,0,0,0,0,0,0,0,0,0,0,0,0,0,0,0,0,0,0,0,0,0,0,0,0,0,0,0,0,0,0,0,0,0
496,Mandsfield 63,Mansfield,0,0,0,0,0,0,0,0,0,0,0,0,0,0,0,0,0,0,0,0,0,0,0,0,0,0,0,0,0,0,0,0,0,0,0,0,0,0,0,0,0,0,0,0,0,0,0,0,0,0,0,0,0
497,Mansfield 10,Mansfield,0,0,0,0,0,0,0,0,0,0,0,0,0,0,0,0,0,0,0,0,0,0,0,0,0,0,0,0,0,0,0,0,0,0,0,0,0,0,0,0,0,0,0,0,0,0,0,0,0,0,0,0,0
498,Mansfield 14,Mansfield,0,0,0,0,0,0,0,0,0,0,0,0,0,0,0,0,0,0,0,0,0,0,0,0,0,0,0,0,0,0,0,0,0,0,0,0,0,0,0,0,0,0,0,0,0,0,0,0,0,0,0,0,0
499,Mansfield 16,Mansfield,0,0,0,0,0,0,0,0,0,0,0,0,0,0,0,0,0,0,0,0,0,0,0,0,0,0,0,0,0,0,0,0,0,0,0,0,0,0,0,0,0,0,0,0,0,0,0,0,0,0,0,0,0
500,Mansfield 20,Mansfield,0,0,0,0,0,0,0,0,0,0,0,0,0,0,0,0,0,0,0,0,0,0,0,0,0,0,0,0,0,0,0,0,0,0,0,0,0,0,0,0,0,0,0,0,0,0,0,0,0,0,0,0,0
501,Mansfield 27,Mansfield,0,0,0,0,0,0,0,0,0,0,0,0,0,0,0,0,0,0,0,0,0,0,0,0,0,0,0,0,0,0,0,0,0,0,0,0,0,0,0,0,0,0,0,0,0,0,0,0,0,0,0,0,0
502,Mansfield 33,Mansfield,0,0,0,0,0,0,0,0,0,0,0,0,0,0,0,0,0,0,0,0,0,0,0,0,0,0,0,0,0,0,0,0,0,0,0,0,0,0,0,0,0,0,0,0,0,0,0,0,0,0,0,0,0
503,Mansfield 35,Mansfield,0,0,0,0,0,0,0,0,0,0,0,0,0,0,0,0,0,0,0,0,0,0,0,0,0,0,0,0,0,0,0,0,0,0,0,0,0,0,0,0,0,0,0,0,0,0,0,0,0,0,0,0,0
504,Mansfield 39,Mansfield,0,0,0,0,0,0,0,0,0,0,0,0,0,0,0,0,0,0,0,0,0,0,0,0,0,0,0,0,0,0,0,0,0,0,0,0,0,0,0,0,0,0,0,0,0,0,0,0,0,0,0,0,0
505,Mansfield 6,Mansfield,0,0,0,0,0,0,0,0,0,0,0,0,0,0,0,0,0,0,0,0,0,0,0,0,0,0,0,0,0,0,0,0,0,0,0,0,0,0,0,0,0,0,0,0,0,0,0,0,0,0,0,0,0
506,Mitchell Sier,Mansfield,0,0,0,0,0,0,0,0,0,0,0,0,0,0,0,0,0,0,0,0,0,0,0,0,0,0,0,0,0,0,0,0,0,0,0,0,0,0,0,0,0,0,0,0,0,0,0,0,0,0,0,0,0
507,Mitchell Wareham,Mansfield,0,0,0,0,0,0,0,0,0,0,0,0,0,0,0,0,0,0,0,0,0,0,0,0,0,0,0,0,0,0,0,0,0,0,0,0,0,0,0,0,0,0,0,0,0,0,0,0,0,0,0,0,0
508,Patrick Marks,Mansfield,0,0,0,0,0,0,0,0,0,0,0,0,0,0,0,0,0,0,0,0,0,0,0,0,0,0,0,0,0,0,0,0,0,0,0,0,0,0,0,0,0,0,0,0,0,0,0,0,0,0,0,0,0
509,Sam Lynch,Mansfield,0,0,0,0,0,0,0,0,0,0,0,0,0,0,0,0,0,0,0,0,0,0,0,0,0,0,0,0,0,0,0,0,0,0,0,0,0,0,0,0,0,0,0,0,0,0,0,0,0,0,0,0,0
510,Tas Clingan,Mansfield,0,0,0,0,0,0,0,0,0,0,0,0,0,0,0,0,0,0,0,0,0,0,0,0,0,0,0,0,0,0,0,0,0,0,0,0,0,0,0,0,0,0,0,0,0,0,0,0,0,0,0,0,0
511,Thomas Dunstan,Mansfield,0,0,0,0,0,0,0,0,0,0,0,0,0,0,0,0,0,0,0,0,0,0,0,0,0,0,0,0,0,0,0,0,0,0,0,0,0,0,0,0,0,0,0,0,0,0,0,0,0,0,0,0,0
512,Tim Costigan,Mansfield,0,0,0,0,0,0,0,0,0,0,0,0,0,0,0,0,0,0,0,0,0,0,0,0,0,0,0,0,0,0,0,0,0,0,0,0,0,0,0,0,0,0,0,0,0,0,0,0,0,0,0,0,0
513,Tom McDonagh,Mansfield,0,0,0,0,0,0,0,0,0,0,0,0,0,0,0,0,0,0,0,0,0,0,0,0,0,0,0,0,0,0,0,0,0,0,0,0,0,0,0,0,0,0,0,0,0,0,0,0,0,0,0,0,0
514,Unknown Player,Mansfield,0,0,0,0,0,0,0,0,0,0,0,0,0,0,0,0,0,0,0,0,0,0,0,0,0,0,0,0,0,0,0,0,0,0,0,0,0,0,0,0,0,0,0,0,0,0,0,0,0,0,0,0,0
515,Will Christopher,Mansfield,0,0,0,0,0,0,0,0,0,0,0,0,0,0,0,0,0,0,0,0,0,0,0,0,0,0,0,0,0,0,0,0,0,0,0,0,0,0,0,0,0,0,0,0,0,0,0,0,0,0,0,0,0
516,William Chiller,Mansfield,0,0,0,0,0,0,0,0,0,0,0,0,0,0,0,0,0,0,0,0,0,0,0,0,0,0,0,0,0,0,0,0,0,0,0,0,0,0,0,0,0,0,0,0,0,0,0,0,0,0,0,0,0
517,William James,Mansfield,0,0,0,0,0,0,0,0,0,0,0,0,0,0,0,0,0,0,0,0,0,0,0,0,0,0,0,0,0,0,0,0,0,0,0,0,0,0,0,0,0,0,0,0,0,0,0,0,0,0,0,0,0
518,Mooroopna 5,Mooroopna,0,0,0,0,0,0,0,0,0,0,0,0,0,0,0,0,0,0,0,0,0,0,0,0,0,0,0,0,0,0,0,0,0,0,0,0,0,0,0,0,0,0,0,0,0,0,0,0,0,0,0,0,0
519,Rochester 51,Rochester,0,0,0,0,0,0,0,0,0,0,0,0,0,0,0,0,0,0,0,0,0,0,0,0,0,0,0,0,0,0,0,0,0,0,0,0,0,0,0,0,0,0,0,0,0,0,0,0,0,0,0,0,0
520,Rochester 60,Rochester,0,0,0,0,0,0,0,0,0,0,0,0,0,0,0,0,0,0,0,0,0,0,0,0,0,0,0,0,0,0,0,0,0,0,0,0,0,0,0,0,0,0,0,0,0,0,0,0,0,0,0,0,0
521,Rochester 8,Rochester,0,0,0,0,0,0,0,0,0,0,0,0,0,0,0,0,0,0,0,0,0,0,0,0,0,0,0,0,0,0,0,0,0,0,0,0,0,0,0,0,0,0,0,0,0,0,0,0,0,0,0,0,0
522,Shepparton 12,Shepparton Bears,0,0,0,0,0,0,0,0,0,0,0,0,0,0,0,0,0,0,0,0,0,0,0,0,0,0,0,0,0,0,0,0,0,0,0,0,0,0,0,0,0,0,0,0,0,0,0,0,0,0,0,0,0
523,Dashiell Smith,Shepparton Swans,0,0,0,0,0,0,0,0,0,0,0,0,0,0,0,0,0,0,0,0,0,0,0,0,0,0,0,0,0,0,0,0,0,0,0,0,0,0,0,0,0,0,0,0,0,0,0,0,0,0,0,0,0
524,Swans 20,Shepparton Swans,0,0,0,0,0,0,0,0,0,0,0,0,0,0,0,0,0,0,0,0,0,0,0,0,0,0,0,0,0,0,0,0,0,0,0,0,0,0,0,0,0,0,0,0,0,0,0,0,0,0,0,0,0
525,Shep United 28,Shepparton United,0,0,0,0,0,0,0,0,0,0,0,0,0,0,0,0,0,0,0,0,0,0,0,0,0,0,0,0,0,0,0,0,0,0,0,0,0,0,0,0,0,0,0,0,0,0,0,0,0,0,0,0,0
526,Jacob Chessells,Tatura,0,0,0,0,0,0,0,0,0,0,0,0,0,0,0,0,0,0,0,0,0,0,0,0,0,0,0,0,0,0,0,0,0,0,0,0,0,0,0,0,0,0,0,0,0,0,0,0,0,0,0,0,0
527,Kade Gall,Tatura,0,0,0,0,0,0,0,0,0,0,0,0,0,0,0,0,0,0,0,0,0,0,0,0,0,0,0,0,0,0,0,0,0,0,0,0,0,0,0,0,0,0,0,0,0,0,0,0,0,0,0,0,0
528,Tatura 40,Tatura,0,0,0,0,0,0,0,0,0,0,0,0,0,0,0,0,0,0,0,0,0,0,0,0,0,0,0,0,0,0,0,0,0,0,0,0,0,0,0,0,0,0,0,0,0,0,0,0,0,0,0,0,0
529,Tatura 5,Tatura,0,0,0,0,0,0,0,0,0,0,0,0,0,0,0,0,0,0,0,0,0,0,0,0,0,0,0,0,0,0,0,0,0,0,0,0,0,0,0,0,0,0,0,0,0,0,0,0,0,0,0,0,0
530,Tatura 61,Tatura,0,0,0,0,0,0,0,0,0,0,0,0,0,0,0,0,0,0,0,0,0,0,0,0,0,0,0,0,0,0,0,0,0,0,0,0,0,0,0,0,0,0,0,0,0,0,0,0,0,0,0,0,0
531,Tatura 62,Tatura,0,0,0,0,0,0,0,0,0,0,0,0,0,0,0,0,0,0,0,0,0,0,0,0,0,0,0,0,0,0,0,0,0,0,0,0,0,0,0,0,0,0,0,0,0,0,0,0,0,0,0,0,0
532,Tatura 64,Tatura,0,0,0,0,0,0,0,0,0,0,0,0,0,0,0,0,0,0,0,0,0,0,0,0,0,0,0,0,0,0,0,0,0,0,0,0,0,0,0,0,0,0,0,0,0,0,0,0,0,0,0,0,0
533,Tatura 67,Tatura,0,0,0,0,0,0,0,0,0,0,0,0,0,0,0,0,0,0,0,0,0,0,0,0,0,0,0,0,0,0,0,0,0,0,0,0,0,0,0,0,0,0,0,0,0,0,0,0,0,0,0,0,0
534,Trey White,Rochester,1,-1,2,1,1,0,0,0,0,0,0,0,0,0,0,0,0,0,0,0,0,0,0,0,0,0,0,0,0,0,1,0,1,0,0,0,1,0,0,0,0,1,0,0,0,0,0,50,0,100,0,0,0
